query_id,document_id,crowd_rel_binary
677,269,0
439,553,1
307,1375,1
363,1401,1
310,2521,0
330,2935,0
414,3060,0
330,3551,0
397,4050,1
443,4422,1
345,4517,1
307,5062,1
347,5116,1
408,6243,1
442,8634,1
354,9862,1
363,13261,0
307,13335,1
439,13671,1
436,14454,1
436,14873,1
435,15338,1
341,15619,1
325,16127,0
325,16519,0
445,17233,1
347,20833,1
310,23405,0
439,24735,1
394,25652,1
419,27967,1
355,28217,0
341,29197,1
614,30074,1
347,30859,1
389,31766,1
435,32035,1
347,32106,1
389,32852,0
427,33429,1
397,34512,1
307,35583,1
646,37337,0
356,38010,1
355,38588,0
436,38635,1
389,39291,0
436,39908,1
397,39916,1
397,40158,1
367,40183,0
355,40481,0
325,40955,0
399,42455,0
436,42499,1
321,43424,0
367,43629,0
436,44169,1
397,44702,1
433,44891,0
408,45838,0
436,46187,1
394,46775,0
347,48307,1
423,48336,0
353,48665,1
436,48678,1
321,48725,1
397,49918,1
310,50003,0
353,50350,1
354,50415,1
435,51237,1
330,51367,1
442,51758,1
389,51810,1
336,52133,0
347,52138,0
363,52721,1
350,53304,0
389,53786,0
347,54033,1
345,54760,1
433,56083,0
389,56609,1
408,57239,1
408,57432,1
389,58470,1
399,59192,1
350,59288,1
399,59321,1
363,59676,0
389,60661,1
426,62193,0
443,62819,0
426,63909,0
436,63981,1
439,64094,0
399,66945,0
442,67089,1
350,67271,0
389,67644,1
321,67696,0
330,68028,0
367,68102,1
646,68881,0
321,68988,0
355,69453,0
414,70712,0
389,71722,1
400,71875,1
442,72066,1
614,72127,0
397,73110,1
393,73152,0
397,73786,1
435,74911,0
345,77134,0
400,78119,1
626,79150,1
353,79615,1
336,80786,0
433,81115,1
393,81314,0
408,82122,1
427,82399,1
436,82495,1
408,84228,1
436,84653,1
321,84739,0
393,84973,0
443,85242,1
408,85609,0
353,88083,1
677,88633,1
347,88690,0
399,89039,1
353,89070,1
397,89202,0
378,89409,0
399,89524,0
442,90223,1
690,90300,0
620,92686,1
414,92797,0
436,96700,0
397,96858,1
408,97037,1
363,97080,1
690,97992,1
436,98010,1
389,99058,1
363,99585,1
442,99968,1
397,100506,1
626,100763,0
414,102375,1
397,102784,1
379,103307,0
690,103357,1
330,103674,1
341,104570,1
414,104738,0
414,105754,0
389,107911,0
435,108615,1
426,109755,0
414,111807,1
414,112047,0
426,113718,0
436,113794,0
393,115272,1
443,115746,0
419,116995,1
393,117169,0
414,117236,0
677,117943,0
422,118667,1
445,118718,1
347,119036,1
367,119258,0
354,120001,1
397,120022,1
393,121825,1
433,122409,0
341,122698,1
336,124783,1
307,125886,1
414,126175,1
626,127053,1
626,127391,1
399,127656,0
330,128775,0
393,128833,1
393,128834,1
375,129759,1
330,131653,0
354,131814,0
442,131903,0
422,132086,1
345,132107,0
307,133060,1
433,133620,1
330,133634,0
347,134001,1
330,134311,1
363,135177,1
330,136001,0
397,137682,1
419,139860,1
439,140437,1
397,140462,1
422,140880,1
399,141375,1
443,141442,1
435,141572,1
443,141893,1
436,142802,0
345,143832,1
393,144396,1
442,144768,1
350,147208,0
436,147522,1
439,148369,0
375,148627,1
397,149895,1
422,150123,1
422,150360,1
436,151133,1
325,151210,0
325,151228,1
436,151382,1
350,153482,1
422,154351,0
367,154480,0
422,154819,0
436,156081,0
439,156611,1
436,157393,1
393,157557,1
375,158543,1
690,158602,0
422,158906,1
393,159486,0
436,160233,1
350,160284,1
443,161900,1
414,162309,1
393,162438,0
436,163228,1
439,164158,1
408,164264,0
690,164572,1
367,165076,1
378,165976,0
345,166348,1
445,167074,1
399,167560,1
404,167657,0
439,168491,1
307,169821,1
419,170194,1
439,170382,1
439,170518,1
345,170810,1
363,172388,1
439,172778,1
336,174026,1
427,174527,1
436,174623,1
422,174632,1
445,175024,0
408,175295,1
690,175336,1
614,175577,1
367,176187,0
408,176935,1
422,176966,0
356,177161,1
356,177169,1
330,178441,1
408,180000,1
414,180144,0
435,182922,0
345,182939,0
330,183128,1
345,183801,1
442,185319,1
347,186205,1
375,186557,0
363,186742,1
389,186907,0
400,187399,1
354,187697,1
310,189790,0
353,190933,1
408,191033,1
408,191272,1
354,191638,0
408,191733,1
436,191795,0
397,192269,1
439,192722,1
646,193204,1
330,193588,0
445,193640,0
439,194847,1
439,194995,1
426,195735,0
408,195829,1
436,195922,1
330,196100,1
367,197240,0
400,197909,1
436,199552,1
439,199591,1
397,201230,1
330,201371,1
330,201904,0
330,202196,1
414,202721,1
408,202949,1
436,204240,1
353,204606,1
355,205295,1
355,205334,1
422,206165,1
436,206242,1
400,206304,0
436,206488,1
436,206774,1
439,207153,1
427,207255,1
419,207281,0
439,208214,1
414,209726,1
325,209844,0
422,209888,0
400,209944,0
435,210030,0
397,210111,1
435,210355,0
347,210359,1
330,210458,1
341,210473,1
427,210489,0
400,212733,1
347,212831,1
341,214145,1
330,214793,0
347,215455,0
414,216674,1
345,217611,1
439,218067,1
442,218253,1
439,218292,1
375,218855,0
445,219145,0
399,219569,1
341,220015,1
399,220667,1
439,221528,1
341,222024,1
330,222046,1
372,222059,0
330,222372,1
367,222856,1
414,223328,1
443,223334,1
347,223912,0
400,224342,1
400,224344,0
439,224484,1
439,224485,1
347,225181,0
439,226292,1
400,226800,1
399,227847,1
363,227909,1
414,228448,0
362,229530,1
344,229918,1
400,230057,1
393,231466,1
414,232355,1
355,232367,0
439,232662,1
690,234465,1
397,234505,0
422,234518,1
397,234948,0
426,235292,1
400,237481,1
436,238124,1
394,238825,1
626,240768,1
362,240960,0
345,241188,1
422,241224,1
400,241410,0
435,241780,1
345,242238,0
330,242755,0
375,243642,0
393,244001,1
336,244078,1
375,245082,1
436,245436,1
399,246066,1
419,246245,0
439,247298,1
367,247683,1
325,247846,1
362,247846,0
325,249102,1
427,251079,1
436,251168,1
347,251422,1
439,251898,1
677,252420,1
389,253080,1
367,254029,0
439,254339,0
408,254598,1
325,255005,1
393,255307,1
614,255513,0
439,255611,1
620,256169,0
435,256940,0
400,257074,1
347,257568,1
436,258552,1
439,259247,1
393,260090,1
344,260455,1
414,260742,1
439,261036,1
372,262552,1
341,264188,1
310,265276,0
690,265925,0
310,265959,1
439,266004,1
353,266139,1
399,266702,1
397,266818,1
353,266829,1
436,267129,1
445,268394,0
353,271089,1
408,271487,1
427,271490,1
353,272463,1
353,272622,0
345,273203,1
347,273359,0
394,273703,1
367,273784,1
372,274126,1
626,274964,0
367,275582,0
393,275696,1
426,276859,1
356,278012,1
321,278069,1
399,279254,1
372,280447,1
399,280784,1
426,282170,1
363,282628,0
400,283772,0
408,284358,1
400,284654,1
307,284810,0
408,285282,1
408,286196,1
443,286375,0
389,286797,1
345,287014,0
394,287469,1
445,287611,1
445,287692,0
445,287901,1
397,288226,0
408,288238,1
397,288405,1
422,288424,1
354,288488,0
362,289234,1
347,289371,1
372,289641,1
353,289768,1
347,289896,1
427,289911,1
408,291231,0
347,291558,1
347,291964,1
408,292471,1
394,293592,0
353,294019,1
353,294207,1
307,295147,1
347,296393,1
414,296839,1
436,296978,1
439,297571,1
439,298060,1
433,298172,0
394,300446,1
408,300987,1
355,301110,0
414,301138,0
397,301157,1
435,301329,1
422,301580,1
307,302004,1
354,302083,1
439,302118,1
350,303535,1
436,303711,0
414,303937,0
620,304866,0
439,305832,0
353,306956,1
378,307677,0
690,308775,1
353,308860,1
330,309380,1
435,309411,0
307,309412,0
677,309449,1
307,309579,1
307,309580,1
372,310413,1
419,310505,1
330,312121,0
336,312131,0
350,312296,1
397,312354,1
363,312917,0
436,314218,1
439,314560,1
353,314701,1
414,314870,0
353,315474,1
321,315976,0
336,316204,0
436,317296,1
397,317846,1
399,318097,0
620,318186,0
399,319231,1
399,319551,0
397,319625,1
397,320285,0
426,321416,0
414,322014,0
419,322556,0
436,325014,0
353,326288,1
439,326533,0
330,326676,0
433,328199,0
414,328464,0
626,328697,0
397,328806,1
325,329591,1
363,330663,1
321,331077,0
439,332037,1
400,332359,1
397,332987,0
354,333945,1
400,334035,0
354,334994,1
354,335052,0
354,335671,1
354,335862,1
422,336106,1
443,336895,0
439,339375,1
341,339646,0
310,339712,1
414,340757,0
399,341292,1
439,341367,1
350,341907,1
397,342333,1
397,343414,1
354,344024,1
399,344608,0
408,344657,1
646,345231,1
439,345781,1
354,346439,1
414,346480,1
354,346960,1
436,347067,1
404,348931,1
419,349268,0
435,350513,1
310,350958,1
408,352969,1
435,353722,1
427,354686,0
336,354872,1
310,355694,1
345,356530,1
353,357453,1
372,358601,1
397,359090,1
393,359287,1
393,359470,1
408,359769,1
393,359775,1
422,359836,1
367,359840,1
325,359963,0
321,360194,0
345,360393,1
347,361279,0
690,361420,1
336,362198,0
439,363167,1
345,364097,1
353,365207,1
363,365725,1
626,365725,1
422,365941,1
422,366307,1
378,366407,1
442,366491,0
350,367473,1
443,368658,1
354,368801,1
344,368899,0
443,369483,1
399,371317,1
422,371916,1
400,372044,1
408,372180,1
442,372589,0
408,372674,1
347,372898,1
350,373364,0
419,373543,0
330,374247,1
436,374676,1
354,376072,0
399,376702,1
307,377253,1
307,377408,1
427,378005,1
362,379065,1
393,380760,1
350,380821,1
325,380903,1
433,381076,0
350,381152,0
389,381932,0
399,382324,1
422,382423,1
330,383008,1
414,385058,0
325,385266,1
345,385674,1
330,386009,0
408,386020,1
356,386935,1
355,387157,1
393,387215,0
414,387320,0
408,389065,1
408,391445,1
408,391446,1
330,392059,0
330,392060,1
307,392547,1
345,392679,1
341,394937,0
445,397002,1
445,397010,0
445,397011,1
435,397147,1
439,397595,1
347,397695,0
426,397720,1
422,398217,1
439,398288,1
347,399409,1
439,399865,0
350,401261,1
397,403051,1
439,403844,0
394,404672,0
347,404722,1
379,405486,0
379,405646,0
379,406372,0
399,406682,0
379,407040,1
436,409703,1
439,410173,1
397,411378,1
350,411417,1
363,411891,1
393,412184,1
356,413174,0
436,413970,1
363,415272,0
690,415433,1
355,415924,0
433,416199,0
330,417855,0
330,419500,1
341,419939,1
341,419941,1
341,419956,1
341,419964,1
347,420507,0
397,420787,0
423,421796,0
344,422400,0
354,422548,0
397,422943,1
367,423559,0
347,424632,1
356,425523,0
439,425526,1
375,425563,0
414,425579,0
330,427002,1
354,428682,1
354,428795,1
372,429932,0
350,429940,1
367,431225,1
321,431397,1
445,431679,1
354,432840,1
414,432896,0
397,433645,1
439,433661,1
341,433672,1
356,433726,0
677,434219,0
307,434663,0
690,434854,0
439,435251,1
393,435343,1
393,435707,1
439,437027,1
443,437481,0
341,439204,1
690,439562,1
443,440183,0
367,442113,0
353,442346,1
408,442826,1
404,443766,0
397,445476,1
435,445489,0
442,445588,1
341,445629,1
442,445631,1
436,445653,1
404,445759,1
372,445818,0
397,446102,1
354,447103,1
399,447472,1
439,447980,1
375,448143,0
422,449364,1
439,449472,1
435,451032,1
419,452409,0
439,452978,1
353,453577,1
347,453578,1
321,454741,1
397,455207,1
400,456880,1
307,458603,1
347,460194,1
355,460278,0
439,461479,1
620,462167,0
336,462286,0
419,462407,1
439,464589,1
439,466094,1
408,467372,1
646,467516,0
646,467517,0
426,467988,0
433,468027,0
646,468080,0
414,468886,0
330,470294,0
307,471637,1
414,472037,1
356,474171,1
310,474338,0
439,475289,1
439,476744,1
379,477097,1
426,477808,0
350,478051,1
375,478414,1
353,478420,1
353,479435,0
353,479493,1
439,479939,1
433,480447,0
427,482034,0
427,482127,1
363,482840,0
427,483115,1
330,483954,1
443,484397,1
408,486467,1
436,488247,1
379,492101,0
378,492685,1
690,494947,1
347,496294,1
442,496509,1
626,497389,1
336,497482,0
347,497482,1
356,497560,1
626,497598,0
310,499425,1
646,499472,0
439,499487,1
439,499994,1
397,500261,1
626,501130,1
307,501173,1
427,502142,0
354,504154,1
307,504810,1
307,504815,1
307,505241,1
307,505438,1
372,505473,1
345,505554,1
416,506069,1
307,506069,1
363,506698,1
344,506870,1
435,509871,1
614,510007,1
690,510678,0
419,511454,1
427,512224,0
442,512292,0
427,516463,0
426,521624,0
345,523256,1
419,525067,0
646,527171,1
355,527564,1
439,528852,1
419,529016,1
419,529102,0
356,530138,1
372,530219,1
435,530476,1
436,530963,1
355,531076,0
344,532681,1
620,533575,1
423,534876,0
389,535242,1
439,536934,0
620,537051,0
353,538041,1
614,539820,1
404,539873,0
394,540823,1
404,540850,0
614,541726,1
445,541784,1
445,541785,1
372,542030,1
614,542584,1
325,545173,0
379,547286,1
353,549772,0
399,549812,1
445,553409,1
397,554322,1
347,555142,0
330,556064,0
408,557311,1
439,558861,1
354,558865,0
347,559544,1
646,560406,1
354,561161,1
379,565670,0
614,566086,0
389,566590,1
439,566737,0
362,567649,1
442,569137,0
445,569722,1
445,570446,1
372,571741,0
350,572210,1
355,573021,1
626,573516,0
408,575994,0
399,576730,0
397,577573,1
445,578930,0
435,579321,1
330,579335,1
375,579370,1
394,579503,0
363,580483,1
353,580735,1
310,581375,0
307,582044,1
353,584186,1
646,585402,0
690,585909,0
614,585923,1
435,586195,1
345,586272,1
307,587044,0
419,587789,0
362,587932,0
397,588621,0
367,590349,0
399,593327,1
321,597457,0
372,597581,1
646,597584,0
330,598857,1
355,598916,1
347,599478,0
404,599863,1
397,600634,1
353,601357,0
325,601412,1
435,602319,1
439,604317,1
389,605481,0
356,608952,0
435,610046,0
393,612750,0
445,613365,1
419,613393,0
362,614000,1
310,615350,0
330,615684,0
393,615784,1
362,616968,1
620,617427,0
372,617630,1
426,619044,0
426,619822,0
620,619929,0
355,621835,1
404,622835,1
344,622973,1
379,623876,0
389,624564,0
325,624863,0
321,627280,0
394,629586,0
354,630037,0
427,631684,1
399,632244,0
362,632520,0
321,633544,1
336,634674,1
350,635203,0
677,635690,0
389,635773,0
345,637308,1
397,637618,0
325,638539,0
325,638574,0
404,638752,0
620,639692,1
443,639773,1
690,639979,0
363,640291,1
353,640656,1
378,640822,1
379,642326,0
404,644645,1
345,645105,1
404,646174,0
330,648548,0
389,649163,0
325,649211,1
347,649612,0
362,650771,0
363,652120,0
375,655562,1
422,656260,1
325,656329,0
325,656330,0
422,656529,1
404,656887,1
408,658892,0
414,659369,1
422,659762,1
353,660199,1
414,660242,1
356,660416,0
435,661419,1
443,661430,0
347,662116,0
404,662416,0
389,662765,1
389,662879,1
397,664949,1
363,665285,0
419,665900,1
397,666725,1
404,668344,0
397,668906,1
325,669230,1
367,670349,1
354,670860,0
435,671112,1
347,674560,0
419,676244,1
435,678307,1
354,678328,0
393,678475,1
389,678769,1
397,679141,1
416,679535,0
419,679902,0
393,681123,1
345,681191,1
435,683332,0
423,684004,0
354,684535,1
362,686387,1
690,687214,1
362,687522,0
321,687620,0
614,688224,1
393,688330,1
614,689070,1
426,689172,1
399,689255,0
427,690224,0
442,690533,1
614,690676,1
375,690820,1
379,691115,0
394,692397,0
341,693059,1
442,693200,0
394,694861,1
626,695724,0
344,695955,0
435,696169,0
419,697015,1
443,697853,0
341,698444,1
422,698954,0
362,699231,0
443,700920,1
646,701906,1
379,702081,0
442,703028,0
389,703101,1
336,703134,1
367,705304,1
436,705371,1
443,707014,1
353,710000,0
362,710373,0
310,711410,1
445,711473,1
435,712094,1
325,712258,1
393,713365,1
397,714343,1
321,714723,0
419,715466,1
325,716328,1
435,716481,1
620,716702,0
321,717192,1
422,717194,1
404,718009,0
325,718587,1
354,718920,0
347,718934,1
422,719224,1
397,720212,1
404,721463,0
404,722012,1
419,722359,0
394,722772,0
443,722958,1
393,723837,1
393,723839,1
408,726701,1
393,726977,1
419,727934,1
356,728137,1
354,728912,0
379,729361,1
626,730003,1
443,730055,1
626,730671,1
344,731310,0
345,733006,1
350,733305,0
442,735637,1
614,738589,0
394,738837,0
345,739398,1
341,741477,0
354,741939,1
414,742306,1
443,744479,1
404,745786,0
646,746341,0
646,747077,0
646,747454,0
394,747814,0
626,748718,0
646,749000,1
389,749681,0
325,751757,1
372,753764,1
419,753955,1
325,754056,1
347,754517,1
646,754566,0
433,756147,0
347,756249,0
345,756401,0
394,756569,1
646,756873,0
375,756936,1
375,758337,0
419,758489,0
419,758527,0
389,760758,1
397,760949,1
355,761377,0
443,761536,1
350,761784,0
393,763388,0
433,763455,0
310,763736,1
325,763961,1
433,766534,1
677,766777,1
426,766842,0
325,767456,1
426,768273,0
620,768483,0
620,768898,0
330,770427,0
341,771168,1
347,772258,0
426,772507,0
439,772735,1
620,773004,1
620,775546,0
620,775563,0
325,775575,0
363,776007,0
363,776008,0
404,776594,1
353,777190,0
404,777553,0
345,777835,1
419,778367,0
404,779456,0
399,779635,1
344,780740,0
336,780876,1
341,781276,1
321,782439,0
363,782468,0
620,783968,0
321,784875,1
321,785424,0
363,785764,0
344,785935,1
404,786406,0
620,786623,1
620,787050,0
620,787111,0
620,787130,1
321,787224,1
404,787370,0
620,787433,1
321,788120,0
620,788406,0
344,789622,0
399,790326,0
394,790384,1
435,791017,0
344,792137,0
445,792138,0
408,792143,1
620,792774,1
408,792883,1
690,793127,1
408,793218,1
690,793395,1
356,793410,0
325,793826,1
443,793940,0
408,794369,1
408,794437,1
408,796137,1
690,796972,1
341,797972,1
394,798190,1
344,798219,0
394,798624,1
341,798731,1
325,799039,1
620,799127,1
354,799257,1
345,799600,0
345,799756,0
414,800584,0
344,801709,0
620,801761,1
620,801986,0
620,802303,1
426,803029,1
677,803506,0
397,803814,1
620,804059,1
325,804157,1
426,804840,1
426,805028,0
393,805587,1
408,806480,0
397,806950,1
400,807470,0
626,808151,1
344,808537,0
620,808643,0
443,809327,1
620,809485,1
443,809533,0
626,809697,0
344,810141,0
426,810577,0
367,811285,0
344,811631,0
427,812168,1
404,812358,1
443,813240,1
408,813352,0
620,814067,0
344,814753,1
427,814758,1
620,815893,1
325,816137,1
443,816365,1
344,816593,0
436,817685,0
626,818047,0
344,818216,0
325,818310,0
620,818326,1
372,818435,0
321,818507,0
325,818750,0
620,818751,1
344,819421,0
356,819667,0
378,819730,1
620,819892,1
379,820267,0
336,820283,1
399,822258,1
344,822671,0
307,822926,0
408,823013,0
422,823627,1
422,823793,1
416,823851,1
367,824165,1
344,824360,1
416,824521,0
646,824907,0
422,825133,1
416,825755,0
393,825760,1
325,825898,0
620,826132,1
620,826363,1
372,826423,1
620,826717,0
614,827299,1
620,827824,1
626,827838,0
393,828050,0
356,828253,0
436,828985,0
443,829817,0
690,830299,0
443,830420,1
443,830565,1
443,830566,0
393,831580,0
436,832544,1
436,832871,0
347,832898,0
353,833433,0
435,834588,1
443,834592,1
379,835509,1
442,837302,0
344,837441,1
344,838728,0
341,838813,1
443,839334,0
310,841289,0
393,841528,1
345,841762,0
646,842575,1
399,843759,1
345,844270,1
393,844588,0
690,845002,0
367,845740,1
345,846422,0
307,846515,0
426,848090,0
363,848217,0
426,848932,0
397,849498,0
393,851315,0
367,851322,0
690,852976,0
404,854268,0
690,855668,1
404,855823,0
344,856509,0
372,856657,1
690,856804,1
404,856937,0
443,857881,0
363,858452,0
367,858770,1
330,858928,1
397,859340,0
330,860120,1
393,860409,0
400,862010,1
435,862142,1
416,863124,1
397,863546,0
404,865299,0
422,865357,0
443,865367,0
436,865953,0
399,867250,1
439,867693,0
435,867886,1
442,868425,0
393,868434,1
442,868969,0
389,869031,0
620,869576,0
626,870548,0
404,871163,1
330,871370,0
397,871861,0
347,872122,0
345,873327,0
341,873857,0
345,874128,0
393,874581,0
422,875458,0
408,875693,1
436,876368,0
427,876390,1
354,876526,1
408,876800,1
435,878484,1
436,878534,1
336,878920,1
426,879061,0
443,880352,1
422,881252,0
404,881742,0
416,881755,1
330,882182,0
341,882431,0
325,882763,0
690,883811,1
355,885400,0
310,885600,0
379,885652,1
345,885830,1
310,887619,0
325,888145,0
321,888281,0
422,888309,0
363,888576,0
321,889278,1
310,889778,0
321,890961,0
363,891107,1
404,891873,0
404,893084,1
353,894291,0
442,895597,0
442,895603,1
423,895875,1
620,896840,0
379,900664,0
404,900944,0
379,903274,1
442,903350,0
379,904194,0
363,904214,0
345,905353,0
325,905700,1
439,906383,1
436,906697,0
433,907290,0
341,908036,1
350,908976,0
399,909756,1
394,910810,0
394,912598,1
393,912625,0
646,913000,1
433,913128,0
367,914770,1
620,914966,0
646,915394,1
353,915856,0
427,916412,0
330,916651,0
355,916776,1
363,916949,0
363,916966,1
408,917137,1
443,917510,0
362,917618,0
356,918568,0
442,918612,0
325,918806,1
325,919493,0
426,919576,0
389,919740,0
325,919922,1
345,920338,0
325,920343,1
325,920563,1
363,923254,1
626,923254,1
310,923498,0
626,923509,1
419,923906,0
426,924205,1
443,925027,1
404,928743,0
433,929256,0
690,929414,1
435,932573,1
614,933052,1
363,933639,0
379,935113,0
404,936058,0
345,938969,0
356,939133,0
345,940783,0
393,940953,0
372,941342,0
363,941661,1
690,942034,0
389,942379,0
367,944052,1
363,944171,1
354,946188,0
400,946607,1
354,947775,1
363,947813,0
690,948291,0
397,948318,1
379,949215,0
397,949997,0
367,950261,1
344,950644,1
443,951668,0
422,951825,0
353,953091,0
356,953290,0
363,953407,0
310,954185,1
690,954627,1
310,954672,0
690,954708,0
646,955302,1
414,955401,1
310,955425,0
442,955537,1
350,955793,0
399,956507,0
433,957242,0
345,957500,1
379,959337,1
427,960922,0
393,961757,0
310,962255,0
362,963344,1
379,964084,0
379,964286,0
367,964822,0
393,965129,0
690,965812,0
325,966096,0
404,966510,1
400,966659,0
400,966660,1
400,966661,1
362,967545,0
321,967752,0
372,967876,0
435,971724,1
416,973026,1
307,973026,0
379,973283,0
416,973400,1
363,973603,0
436,973603,1
416,974140,0
330,974199,0
307,976071,0
400,977022,0
336,977224,1
422,977447,0
356,977697,1
394,977921,0
646,979914,0
435,980078,1
435,980079,0
435,980081,1
435,980082,0
435,980661,1
367,980684,0
345,981098,1
321,981369,0
355,983056,0
677,984009,1
379,984686,1
379,984687,0
379,984688,0
379,984689,0
336,984759,0
439,985314,0
341,986959,1
404,988016,0
397,989658,0
433,989808,0
442,990121,0
442,991368,0
400,992405,0
436,992915,0
404,994559,0
436,994563,0
404,994877,1
354,995017,1
330,995766,1
345,995863,1
404,996409,1
442,996765,1
426,997126,0
404,997687,1
435,1001832,0
404,1002800,0
362,1003021,1
442,1003326,1
336,1005474,0
393,1005479,1
426,1005790,0
426,1005840,0
404,1005983,1
367,1006928,1
443,1006949,1
378,1006953,0
443,1007743,0
404,1008843,0
442,1008905,0
379,1009024,0
330,1010476,0
345,1011152,0
345,1011957,0
345,1011974,0
345,1012059,0
355,1012194,0
389,1012665,0
400,1013462,1
393,1013790,0
389,1015342,0
389,1015702,0
399,1015884,0
356,1016080,0
677,1016266,0
646,1017890,0
345,1018466,0
363,1020397,0
620,1020548,0
445,1020872,0
442,1021253,0
389,1022426,0
362,1024100,1
422,1027160,1
367,1027308,0
433,1027420,0
354,1030358,0
442,1031456,0
379,1031820,0
362,1031838,1
362,1032418,0
367,1033247,1
414,1033647,0
344,1033699,0
330,1033956,0
442,1034560,0
690,1034629,0
372,1035951,1
422,1036665,1
435,1037514,0
325,1037780,0
408,1039566,0
345,1040343,1
310,1040542,1
344,1040660,0
416,1041188,0
345,1041664,0
416,1041731,1
436,1042628,0
427,1042717,1
344,1044632,0
321,1044873,0
419,1045764,0
439,1045917,0
408,1046302,0
690,1046969,0
414,1047308,0
372,1047842,0
436,1048102,1
367,1050607,0
442,1050677,0
442,1054657,0
404,1055072,0
394,1056789,0
344,1057029,0
394,1057716,1
354,1059386,0
408,1059875,0
408,1059957,1
393,1060085,1
355,1060394,0
419,1060967,0
344,1062960,0
345,1063550,0
353,1064013,0
397,1064448,0
393,1064676,1
393,1064683,1
347,1065730,0
690,1065767,0
379,1067824,0
379,1068802,1
393,1070383,1
422,1070825,0
426,1071779,0
422,1072119,0
397,1072617,0
393,1073629,0
389,1073757,0
400,1073903,0
626,1074353,0
325,1076518,0
646,1078962,0
414,1079437,0
426,1079609,0
353,1079782,1
646,1079831,0
367,1080059,0
362,1081949,1
344,1082623,0
646,1083053,0
379,1083301,1
310,1083496,0
400,1087121,0
426,1087960,1
426,1088982,0
345,1089468,1
354,1091374,0
363,1091388,0
353,1091850,0
345,1092491,0
345,1092705,1
443,1092881,1
690,1093014,0
414,1093695,1
325,1094902,1
393,1095035,1
435,1095218,0
393,1095445,1
416,1096590,0
310,1096838,0
345,1097587,0
353,1098236,0
442,1098406,1
423,1100239,1
344,1100347,1
393,1100378,1
393,1100687,1
435,1101459,0
433,1101769,0
345,1102183,1
378,1102362,0
378,1105214,0
354,1106613,1
389,1106789,1
321,1107029,0
307,1107582,1
367,1108464,0
397,1108834,0
423,1109989,0
378,1110904,1
416,1111014,0
378,1111048,1
344,1112354,0
344,1113502,1
435,1115594,1
344,1116169,0
394,1117330,1
414,1117788,0
344,1119259,0
353,1120307,1
393,1121204,0
307,1121368,0
397,1121423,0
414,1122228,0
404,1123728,0
426,1126029,0
378,1126366,1
350,1126835,0
344,1127640,0
379,1128203,1
436,1128219,1
379,1129279,0
347,1129355,0
427,1129572,0
646,1130460,1
325,1130820,0
353,1131046,1
363,1131229,1
379,1132339,0
646,1132417,1
354,1132570,0
442,1134228,1
325,1134927,0
422,1136639,0
325,1136701,1
345,1137991,0
356,1139352,1
354,1139719,0
414,1141208,0
408,1142353,1
439,1144899,1
435,1144904,0
379,1145266,0
435,1146145,0
344,1146244,1
435,1146308,1
442,1146476,0
443,1146561,0
397,1147197,0
397,1147961,0
379,1149570,0
399,1150049,0
355,1151767,0
350,1154367,0
433,1154735,1
353,1154992,0
379,1155462,0
404,1156479,0
344,1157432,0
350,1158961,0
355,1159095,1
336,1160533,0
345,1161659,0
433,1161972,0
435,1162141,0
436,1164014,0
355,1165605,1
362,1168052,0
443,1168083,0
442,1169707,0
433,1172123,1
350,1175129,1
442,1175759,0
426,1177234,0
344,1178997,0
344,1178998,0
325,1181116,1
443,1182562,1
378,1182876,1
344,1185450,1
336,1186175,1
325,1187098,0
439,1187627,0
325,1187935,0
443,1188305,1
439,1188749,1
325,1188899,0
426,1190829,0
426,1192153,1
445,1193154,0
344,1193257,1
345,1195020,0
378,1195385,1
347,1195516,0
419,1195518,1
426,1195550,1
344,1196574,0
344,1196589,0
378,1196694,0
363,1197061,0
321,1197968,0
422,1199775,1
310,1200322,1
443,1200467,0
414,1202406,0
353,1203063,1
394,1203537,0
394,1203538,1
321,1204326,0
336,1205254,1
690,1205941,0
344,1205982,0
336,1205987,1
336,1205988,1
414,1206106,1
439,1206124,1
354,1206174,0
442,1206800,0
325,1209320,0
336,1209560,0
394,1210150,1
393,1210771,0
362,1212432,1
436,1212538,0
350,1212853,1
399,1213122,1
394,1214238,0
445,1214751,1
394,1215547,1
439,1215933,0
379,1216237,0
362,1216689,1
442,1217156,0
677,1217259,0
321,1217943,0
443,1218191,0
442,1218555,0
344,1219657,0
310,1219791,0
310,1219792,0
310,1219794,1
439,1220020,1
310,1220057,1
419,1221302,1
378,1221410,0
614,1225681,1
397,1226017,1
419,1226017,0
436,1226414,0
397,1227929,0
419,1227929,0
397,1228582,0
367,1229633,1
367,1229634,1
367,1229635,1
367,1229636,1
367,1229637,0
426,1230128,0
397,1232132,1
363,1232223,1
433,1232268,1
646,1232487,1
378,1232606,1
378,1232897,1
344,1233702,0
378,1234048,0
378,1234553,0
378,1234617,0
378,1234817,1
362,1235349,1
378,1235358,0
414,1235364,1
397,1235372,0
620,1235792,0
347,1235795,0
423,1236447,0
408,1236532,0
419,1237202,1
347,1237417,1
422,1237553,0
344,1238056,1
626,1238100,0
378,1238601,0
393,1239223,0
439,1239295,0
436,1239717,1
436,1240001,1
397,1240360,1
341,1240705,1
416,1241952,1
307,1241952,0
378,1242057,1
372,1243689,1
399,1244235,0
436,1246870,1
416,1248807,1
307,1248807,0
423,1249400,1
677,1250326,1
344,1250554,1
353,1250827,0
344,1251341,1
436,1252489,1
620,1252791,1
620,1252794,0
347,1254252,1
367,1254841,1
310,1257780,0
356,1258169,1
350,1258561,1
397,1258756,1
378,1258946,1
416,1259393,0
307,1259393,0
344,1260914,1
375,1261414,0
325,1262473,0
350,1263782,0
362,1264072,0
435,1264681,1
325,1266191,1
614,1266995,0
375,1267717,1
419,1269288,0
310,1270299,0
400,1271117,0
325,1271726,1
363,1273136,1
690,1273874,1
690,1273875,1
690,1273876,1
690,1273877,0
646,1273967,0
345,1274360,0
372,1275296,0
620,1275485,0
436,1275509,1
353,1275784,0
427,1275825,0
423,1276231,1
439,1276458,0
419,1278357,1
354,1279275,1
344,1279833,1
356,1280589,1
379,1281285,0
321,1281350,0
344,1281684,1
379,1281840,1
344,1283659,0
690,1283849,0
379,1284116,1
397,1284634,1
626,1285060,1
426,1285836,0
626,1285941,1
347,1286100,0
354,1287318,0
355,1288402,0
379,1289668,1
397,1289769,1
330,1290016,0
379,1291383,1
347,1291786,1
626,1292130,1
626,1292951,0
626,1293154,1
379,1293174,1
325,1296134,0
397,1296324,0
435,1297198,0
400,1297776,0
375,1298032,0
378,1299070,0
423,1299161,0
397,1299717,0
435,1300818,0
347,1303577,0
423,1304568,1
408,1304926,1
677,1305572,0
347,1306015,1
442,1306336,0
356,1306742,0
363,1307260,0
325,1307703,0
362,1309225,0
379,1309396,0
344,1309604,0
379,1310086,1
626,1310123,1
363,1310626,0
372,1310657,1
423,1311050,0
363,1311489,1
399,1311503,1
363,1311827,1
354,1312031,1
435,1314127,1
408,1315328,1
363,1315443,1
614,1315568,1
325,1316262,0
354,1316689,1
690,1318692,1
690,1318893,1
614,1318974,1
336,1319228,1
362,1319234,0
423,1319487,0
422,1319497,1
355,1320501,0
336,1321324,1
347,1321471,0
426,1321517,1
347,1321617,0
372,1322235,0
397,1322352,1
379,1322719,0
321,1324090,1
408,1324488,1
330,1324657,1
677,1325286,1
362,1326479,0
389,1328109,0
646,1328737,1
363,1330335,0
347,1330524,1
341,1331238,1
397,1331336,0
436,1331946,1
341,1332742,1
362,1332752,1
443,1333177,0
341,1333940,0
422,1335298,1
399,1336233,0
427,1336254,0
393,1336443,0
355,1336448,1
677,1337692,1
363,1338008,1
372,1338012,0
363,1338635,0
341,1338698,0
341,1339259,0
341,1339723,1
341,1339765,0
408,1340546,0
389,1340598,1
341,1340795,0
397,1341084,1
378,1341169,1
341,1341177,0
363,1341652,0
363,1341934,1
399,1342213,1
646,1343233,0
416,1343336,0
341,1343418,1
414,1344054,0
646,1344234,1
426,1344310,1
442,1345695,1
646,1346207,0
646,1346808,0
341,1347455,1
307,1347472,1
363,1347948,0
307,1348576,1
435,1349351,1
310,1349685,0
355,1350333,0
367,1350722,0
341,1351254,1
677,1351564,1
378,1351664,0
344,1351960,0
363,1354696,0
363,1355256,0
367,1355523,0
367,1355646,0
367,1355754,0
356,1355816,1
426,1355944,0
614,1355998,1
394,1356232,1
435,1357428,0
646,1358936,1
436,1360557,1
375,1360848,1
310,1361227,1
330,1362000,1
435,1362165,0
442,1362567,1
354,1364037,1
433,1364373,1
372,1365860,1
354,1366143,1
442,1366401,0
344,1366662,0
626,1366739,1
394,1367321,0
310,1367567,0
393,1368311,1
354,1370065,0
354,1370066,1
646,1370523,0
433,1370898,0
422,1371860,1
435,1372378,0
354,1373474,0
445,1373536,0
354,1374167,1
350,1375271,0
445,1376195,1
435,1376506,1
353,1377266,0
341,1377603,0
363,1378021,0
363,1378220,0
445,1378946,1
363,1379108,0
435,1379376,1
423,1379731,0
442,1379800,1
690,1382114,1
362,1382432,1
307,1382818,1
321,1382934,0
389,1384080,0
354,1384331,0
363,1387651,0
356,1387954,1
435,1388041,0
379,1388557,1
445,1389096,0
347,1390323,0
372,1390982,0
436,1391259,0
436,1392237,1
626,1393201,0
344,1393824,0
344,1394210,0
408,1394211,0
442,1395391,0
397,1395771,0
354,1396621,1
355,1396682,1
443,1397348,0
646,1398831,0
344,1399368,0
389,1399471,0
341,1400875,0
341,1401837,0
341,1403038,1
356,1403324,1
690,1403682,0
363,1403721,0
341,1404579,1
375,1405332,1
367,1405569,0
399,1405751,0
433,1406233,0
356,1408532,0
354,1410109,0
378,1410728,0
356,1410792,1
423,1411300,1
436,1412206,0
439,1413590,0
433,1413596,0
400,1413708,1
646,1414563,1
353,1414915,0
321,1415305,1
433,1415356,0
354,1415563,1
626,1415761,1
646,1415761,0
394,1415972,0
646,1417076,0
336,1417304,0
336,1417483,1
677,1417748,1
321,1419003,0
363,1420209,1
614,1420282,0
408,1420532,1
341,1420666,0
439,1421196,1
330,1422285,0
363,1423429,1
336,1424096,1
367,1424182,0
439,1425087,1
341,1425140,0
677,1425748,0
626,1426541,0
341,1426661,0
408,1426843,1
399,1426960,0
442,1427850,0
408,1428770,0
435,1428837,0
435,1428964,0
690,1429585,0
404,1430210,0
375,1431029,1
379,1431102,1
426,1432110,0
356,1435456,0
321,1436622,0
397,1437117,0
416,1438673,1
307,1438673,1
336,1440092,0
336,1440589,0
626,1440926,0
354,1441841,0
393,1441849,0
341,1442003,1
341,1442451,0
341,1443897,0
422,1444189,0
393,1445055,1
341,1446100,0
433,1447352,1
389,1447532,0
399,1448291,0
626,1450252,0
344,1450935,0
341,1451231,0
375,1452328,0
372,1452425,0
341,1452949,0
443,1453484,0
433,1453830,1
367,1454790,0
367,1456506,0
443,1456875,0
436,1459461,0
426,1459510,1
330,1459518,1
363,1460106,0
354,1460459,1
423,1461064,1
443,1461259,1
422,1461412,0
355,1461999,0
422,1462388,1
375,1462427,1
614,1464239,0
344,1464462,0
375,1464481,0
345,1464638,0
375,1465355,0
310,1465857,0
626,1466168,1
355,1466368,0
378,1466646,0
626,1466872,1
626,1467225,0
375,1467324,0
375,1467325,0
626,1467796,1
442,1468516,1
422,1469414,0
321,1470463,0
307,1470641,1
330,1472308,1
307,1473514,0
620,1473596,0
356,1474352,1
435,1474828,0
347,1474844,0
626,1475110,0
363,1475115,0
422,1475540,0
355,1477098,0
354,1477141,0
397,1477755,1
354,1478166,0
354,1478199,0
355,1478381,0
375,1479443,0
347,1479835,0
367,1481374,0
367,1482817,0
325,1483733,0
330,1483742,1
423,1483748,0
426,1484339,0
344,1485201,1
626,1485547,1
341,1485650,0
436,1486215,0
367,1487181,1
372,1487656,1
321,1487907,0
422,1489054,0
442,1489236,0
433,1489840,1
690,1489865,0
408,1490381,1
345,1491343,0
325,1491847,0
426,1492005,1
419,1492464,1
353,1492467,0
399,1492539,1
416,1493435,1
378,1494904,0
378,1495137,1
690,1497415,0
426,1497437,1
435,1497631,0
389,1497795,0
677,1498382,0
344,1499251,0
400,1499350,0
442,1499596,0
310,1499832,0
310,1500053,0
400,1500392,0
355,1500424,0
344,1501040,0
439,1502745,0
344,1503464,0
354,1504726,1
436,1504907,0
336,1506068,0
436,1506347,0
336,1508081,0
414,1508975,0
353,1509662,0
344,1509681,0
353,1509875,0
379,1509998,0
354,1510992,0
427,1511345,0
362,1511702,1
375,1511853,1
367,1512074,0
443,1512185,1
336,1513280,1
626,1513699,0
442,1514007,0
626,1514817,0
646,1514817,0
626,1515218,1
442,1515689,0
379,1515861,0
435,1516482,1
344,1518016,0
422,1518122,0
399,1518190,1
347,1519038,0
321,1519223,0
379,1519706,0
394,1519706,0
378,1519874,0
344,1520093,0
626,1522020,0
336,1522136,0
400,1523116,1
400,1523526,0
367,1523782,0
356,1523802,0
367,1524044,0
355,1524084,0
367,1527001,0
363,1527680,1
367,1527861,0
344,1529495,0
397,1531635,0
414,1531859,0
394,1532699,1
399,1534889,1
394,1534973,1
394,1534974,1
394,1534975,0
394,1534976,0
367,1535024,0
690,1536888,0
394,1537262,1
341,1537316,0
646,1538000,0
341,1538954,1
367,1539234,1
646,1540603,0
408,1540881,1
344,1541383,0
336,1541943,0
677,1542964,0
354,1543064,1
347,1543068,0
336,1543234,0
354,1544150,1
426,1544522,1
354,1544859,0
310,1545339,0
367,1546828,0
626,1547010,0
354,1547678,1
367,1549581,1
341,1549797,0
426,1550053,1
354,1551186,1
307,1551525,0
325,1552151,0
347,1552594,0
393,1553054,0
347,1554255,0
442,1554719,0
341,1554870,0
439,1555051,0
356,1555167,0
677,1555171,1
442,1555175,0
341,1555248,0
626,1555757,1
436,1556033,0
379,1557431,1
439,1558991,0
690,1560865,0
389,1561413,0
347,1562600,0
325,1562815,1
341,1563183,0
356,1563396,1
356,1563456,0
442,1564667,0
394,1564815,0
445,1565180,0
356,1565425,0
393,1565543,0
363,1565717,0
397,1565734,0
344,1566662,0
347,1566885,1
414,1566994,0
436,1567110,0
690,1568103,0
690,1568104,0
378,1568624,1
443,1568807,0
344,1569422,0
436,1569560,0
393,1570364,0
379,1570935,0
330,1572419,1
436,1572439,0
367,1573004,1
626,1573812,0
433,1574394,0
399,1574510,0
363,1574736,0
354,1575412,1
356,1575489,1
677,1575652,0
347,1575731,1
355,1575950,0
367,1576327,1
354,1577254,1
362,1577621,1
426,1577848,0
439,1579351,0
427,1580804,1
393,1581586,0
355,1582985,0
362,1583395,0
353,1583965,0
393,1584050,0
422,1584374,0
397,1586466,0
354,1588544,1
355,1588595,0
646,1589183,0
330,1590458,0
362,1591982,0
363,1592273,1
414,1596771,0
347,1597217,0
435,1597385,0
436,1597720,0
436,1597832,0
336,1599413,0
436,1600738,0
426,1601829,0
690,1602084,0
436,1603477,0
330,1603792,0
426,1603986,0
362,1604209,0
408,1604408,1
353,1604505,0
394,1604781,0
439,1605095,1
336,1605714,0
419,1606331,0
325,1606633,0
354,1607774,0
354,1608292,0
408,1608300,1
355,1608574,0
354,1610000,0
408,1610287,0
321,1612500,0
341,1612621,1
310,1613083,1
379,1613356,0
341,1613778,1
321,1617718,0
347,1618927,0
416,1620713,1
307,1620713,0
408,1620865,0
379,1622974,1
355,1625949,0
344,1626672,0
372,1626811,0
626,1627493,0
362,1627792,1
626,1629055,1
646,1629055,0
375,1629210,1
378,1629895,0
375,1630509,0
422,1631328,0
353,1631881,0
443,1633115,1
393,1633442,1
367,1634739,0
433,1635146,0
397,1635398,0
394,1635819,0
354,1636186,0
354,1636591,0
330,1637258,1
347,1637794,1
419,1638259,0
362,1638355,0
389,1639506,0
330,1639627,0
436,1640169,1
344,1640228,0
341,1641211,0
363,1641795,0
325,1643816,1
355,1646948,0
436,1648105,0
443,1648429,1
362,1650250,1
400,1650675,0
426,1650966,0
354,1652679,0
354,1653930,1
355,1655645,0
626,1655648,0
344,1656617,0
426,1658016,1
436,1658089,0
389,1660339,0
422,1660866,0
422,1663474,1
433,1663771,0
690,1663939,0
433,1664027,0
347,1665449,0
325,1667028,0
325,1667030,0
626,1667131,0
443,1667304,0
310,1667759,1
436,1667781,1
397,1667814,0
307,1668089,0
363,1668384,0
354,1669654,0
355,1670265,0
389,1671352,1
626,1671598,0
341,1672451,0
321,1673317,1
356,1673413,0
330,1673420,1
626,1673910,0
321,1674498,1
419,1675489,0
341,1676591,1
400,1676640,0
354,1676681,0
397,1678182,0
614,1679052,0
443,1680132,0
427,1680166,0
372,1680593,0
439,1680686,0
372,1681557,0
394,1682430,0
646,1682688,0
379,1683114,0
367,1684140,0
433,1685870,0
626,1686809,0
408,1686904,0
436,1687116,0
393,1689450,0
393,1689454,1
367,1690323,0
341,1691553,1
426,1691922,0
354,1692104,1
354,1692325,1
354,1693353,1
677,1694127,0
347,1695024,0
646,1695806,1
362,1695867,0
408,1698256,0
408,1698368,0
400,1701879,1
408,1702011,0
408,1702236,1
367,1702546,0
367,1704054,0
367,1704600,0
408,1705024,0
433,1705690,0
408,1705789,1
436,1706129,0
325,1706478,0
336,1707062,0
367,1707215,0
416,1708178,0
367,1709373,0
325,1710222,0
363,1710752,0
426,1710752,0
363,1712559,0
646,1715486,0
353,1717013,0
367,1717015,0
310,1718069,1
408,1718264,1
379,1718294,0
379,1719236,0
363,1720072,0
442,1721092,0
408,1721259,0
442,1721512,0
379,1722536,0
393,1722895,0
367,1723859,0
336,1724499,0
443,1726983,1
408,1728581,0
372,1728784,0
408,1728933,0
347,1729635,0
436,1729948,0
422,1729989,0
416,1731421,0
379,1732463,0
355,1732972,1
356,1733336,0
354,1734192,0
372,1734352,1
344,1736100,0
378,1737063,0
325,1737511,1
439,1737614,0
690,1739514,0
427,1740597,0
690,1742724,1
375,1742839,0
353,1743812,0
367,1744966,0
423,1746708,1
321,1751025,0
426,1751438,0
330,1751976,0
355,1752128,0
321,1752293,0
426,1753425,0
626,1753507,1
344,1754614,0
354,1755111,1
347,1755288,1
336,1755665,0
422,1755913,0
646,1756984,0
325,1757752,0
442,1759788,0
399,1760040,0
341,1761171,1
355,1761700,0
356,1762057,0
445,1763796,0
363,1765021,0
362,1765033,0
355,1765751,1
344,1768559,1
353,1768786,0
408,1769057,1
307,1769891,0
307,1769913,0
344,1770081,0
442,1770413,0
378,1770689,0
354,1771724,0
321,1773002,1
690,1773307,0
389,1773372,0
367,1773567,1
427,1774049,0
445,1774922,1
436,1775712,1
408,1778549,0
439,1779144,0
436,1780662,1
442,1782262,0
363,1783478,0
347,1783812,0
341,1784331,0
307,1784859,0
367,1785315,1
445,1785321,0
408,1785349,0
389,1785356,1
626,1785400,1
408,1785845,0
422,1786486,0
354,1786670,0
408,1786856,0
341,1788703,0
408,1789423,0
626,1789645,0
416,1792169,1
344,1793569,0
344,1793747,0
416,1795062,0
426,1796162,1
389,1796185,0
354,1796192,1
426,1797959,0
354,1798220,1
363,1801583,1
330,1802854,0
426,1804133,0
422,1804747,0
408,1805219,0
354,1807100,0
394,1808130,0
433,1810620,1
330,1811000,1
344,1812662,0
355,1812939,0
354,1816035,0
442,1816144,0
442,1816312,1
442,1816522,1
442,1816532,1
393,1816598,0
341,1819323,0
325,1820132,0
355,1820483,0
325,1820632,0
341,1820753,0
389,1821512,0
399,1821969,0
419,1822907,0
330,1824238,1
443,1824390,0
345,1826356,0
389,1827843,0
422,1829618,0
422,1829751,1
336,1830628,0
354,1831146,1
344,1832316,1
310,1832415,0
341,1832978,0
344,1835909,0
347,1836295,0
355,1837109,0
426,1837454,0
356,1838360,0
347,1838646,0
344,1839233,1
354,1839489,1
354,1839705,0
442,1841475,0
426,1841702,0
690,1842415,0
347,1845544,0
422,1846637,1
363,1847246,0
363,1847612,0
325,1848482,0
442,1848952,0
690,1849190,0
354,1849549,0
626,1849875,0
408,1852578,0
690,1853779,1
362,1853995,0
363,1854192,0
422,653,0
443,715,1
690,1064,0
443,1122,0
414,1341,0
389,1599,0
436,1931,1
330,2325,0
435,2371,0
436,2534,0
330,4421,1
443,4721,1
330,4981,0
435,6462,0
399,7032,1
330,9780,1
419,10382,0
363,11049,0
347,13522,1
439,13667,1
690,14324,1
389,15229,1
330,17302,0
310,18248,0
427,19929,1
353,20365,1
646,20611,0
399,20825,0
353,20825,1
426,21560,1
307,21667,0
321,21715,0
341,22287,0
399,24141,0
394,24460,0
435,24977,1
436,26938,0
426,27375,0
442,27375,0
307,29374,0
354,29914,0
393,30265,0
397,30337,0
677,31383,0
414,31843,0
433,31888,0
435,32218,0
690,33511,0
435,35420,1
393,35680,0
389,35737,1
393,37595,1
443,38846,1
389,40210,1
389,40787,1
389,40804,0
435,41741,0
353,41974,1
389,42146,0
336,42254,0
394,42479,0
350,43875,1
321,43995,1
400,44416,0
435,44948,0
330,46429,0
367,46941,0
443,47108,0
330,48237,0
354,48637,0
330,49324,0
419,49740,0
389,49985,1
341,50316,0
389,50372,0
443,50734,0
350,51666,0
690,53119,0
626,53331,0
389,53631,0
367,53898,0
367,54101,1
690,54383,0
442,54619,1
389,54702,1
362,54876,0
389,55267,1
310,55294,1
389,55346,1
389,56353,0
414,56422,0
355,56528,0
389,56889,0
330,58302,1
389,58319,1
442,59182,0
399,59228,1
426,60110,0
389,60811,1
363,61245,1
367,62199,1
347,62273,1
330,63088,0
626,64001,1
347,64712,0
355,64937,0
389,64983,1
355,66881,1
426,67242,0
435,68298,0
439,68363,1
321,68827,0
399,69289,0
620,69398,1
347,69948,1
614,70786,0
330,70822,0
389,71278,0
435,72689,0
397,73501,0
355,73774,0
330,74398,0
330,74413,1
442,75151,0
427,75722,1
442,75972,1
433,77717,0
353,77791,0
443,78328,0
400,78500,0
363,78557,1
445,79223,0
330,79470,0
620,79489,0
389,79522,1
646,80294,0
375,81147,0
690,81539,0
443,81713,0
408,82304,1
399,82625,1
389,83598,1
442,83790,0
330,83859,0
443,84262,0
690,84330,0
330,84774,0
356,87132,0
353,87215,0
677,89435,0
330,91266,0
397,91785,0
321,95391,1
422,96221,1
690,96225,0
347,96243,0
436,96698,0
347,97386,1
436,97796,1
344,97988,0
690,98216,0
379,98752,0
393,99606,0
353,100237,1
310,100304,0
353,100620,0
445,100711,1
393,101440,1
426,101868,0
341,102753,0
353,103013,1
353,103766,0
443,104304,0
330,104395,0
419,104934,1
442,105077,1
330,105369,0
330,105761,0
330,106571,1
353,107086,0
330,107765,0
350,108221,1
353,108647,0
626,109380,0
442,109768,0
356,111436,0
436,112888,1
330,113676,0
355,114396,1
394,115196,0
422,117649,0
435,117991,0
336,118022,0
419,120071,0
325,120240,0
435,120836,0
436,121309,1
355,121850,0
367,123231,0
397,125034,0
353,125605,0
307,125806,1
389,126068,0
433,127701,0
414,128021,0
389,128702,0
393,128790,1
344,129589,0
690,129802,0
389,129807,1
427,130178,0
356,131564,0
620,132737,0
389,136036,1
399,137558,0
347,139189,0
419,139367,0
399,139948,0
353,139948,0
389,140816,0
433,141819,1
389,142051,0
620,142939,0
350,143984,1
336,144066,0
419,144296,0
445,144354,0
347,145153,0
439,145928,0
426,146052,0
341,148805,0
435,150579,0
350,151175,0
443,151707,1
389,152526,1
443,153137,0
347,154117,0
393,154719,1
345,154973,0
336,155345,0
427,155983,0
354,157070,0
379,157316,0
394,157480,0
436,157537,0
330,158055,0
435,158090,1
350,158189,0
400,158643,1
443,158966,0
350,159117,1
445,159258,1
341,159489,1
443,159599,0
445,159808,0
350,160696,0
436,161660,0
379,161941,0
690,162589,1
445,162781,1
330,163558,1
330,163664,0
330,163823,1
626,163873,0
427,164148,0
646,164266,1
330,165213,0
330,165365,1
330,166780,1
399,167187,1
436,168614,1
350,169760,1
379,169944,0
443,170086,0
399,171292,1
435,171425,0
436,172223,0
354,172397,0
443,173094,1
389,173866,0
379,173978,0
330,175229,0
400,175257,1
330,175333,0
330,175983,0
336,176757,0
355,180278,0
408,180399,1
445,180508,0
347,180772,0
690,181257,0
426,182834,0
336,182971,1
347,183106,1
379,183910,0
620,183952,0
330,184089,1
344,185805,0
330,186158,1
355,186434,0
350,186546,1
345,186710,0
427,186881,0
400,187470,0
423,187772,1
362,188112,0
400,189126,1
442,190817,0
435,191547,0
408,191752,0
408,192058,0
435,193299,0
416,193836,0
344,194405,0
442,195265,0
445,195806,1
367,198029,1
646,198186,1
690,198905,0
393,198945,1
321,199031,0
347,199145,1
307,199148,1
445,201552,1
400,202180,0
307,202742,0
355,203188,0
414,203722,0
427,204600,0
436,206158,0
690,208044,0
341,209324,0
442,209370,1
400,209819,0
341,210177,1
400,210198,0
341,210398,1
422,210513,0
414,211359,0
321,213203,0
350,213470,1
355,214003,1
414,214550,1
436,214578,0
400,216415,1
445,217270,0
379,218456,0
393,219118,0
400,220124,0
330,220334,1
439,220404,1
400,220834,0
347,221456,1
341,221997,0
389,222125,0
445,222922,0
347,225523,1
419,226328,0
435,226845,0
362,227347,0
435,227369,0
354,227395,0
414,227450,0
362,227575,1
355,227798,0
362,227916,0
436,228845,1
389,229659,0
443,230086,0
419,230596,0
435,230947,1
347,232061,0
375,232074,0
397,232575,0
354,232822,0
375,234393,0
330,234490,0
330,234907,1
436,234932,0
419,235002,1
422,235021,0
414,235921,1
375,236405,1
646,237759,0
355,238041,0
400,238067,0
439,238399,0
325,239886,0
399,241193,0
400,241865,0
435,242045,1
439,242495,1
355,243638,1
375,243970,0
336,244731,0
445,245417,0
347,245482,0
393,245490,0
646,245874,0
375,246031,1
389,246299,0
362,247190,0
427,247306,0
427,247496,1
341,247785,0
325,248208,0
375,248780,0
347,249328,1
436,249452,1
397,249543,0
367,249549,0
436,250417,1
378,250446,0
375,253393,0
347,255412,0
445,255599,0
419,255841,0
307,255875,0
379,256674,0
347,257127,0
347,257571,0
399,257584,0
347,259180,1
325,259481,0
310,259990,1
347,260386,1
399,260759,0
341,260768,1
367,261292,0
389,262512,1
400,262839,0
307,262908,0
378,263127,0
443,264156,1
408,264198,0
435,264528,1
347,265134,0
443,265210,0
353,266731,1
350,267050,1
389,267062,1
427,269048,1
347,269055,0
414,269901,0
362,269956,0
347,270746,0
350,270801,0
375,271103,0
426,271985,0
394,272851,0
321,273566,0
321,274086,1
389,274467,0
378,274587,0
389,275316,0
355,275542,0
345,276765,0
321,278350,0
626,278899,0
362,279302,0
341,280352,1
307,280473,0
347,282656,0
379,283963,1
408,284178,1
408,284434,0
408,284673,0
408,284848,0
408,285115,0
353,285226,0
408,285595,1
442,286115,0
375,286579,1
436,286962,0
347,287114,1
445,287432,0
344,287437,0
408,287461,0
394,287468,0
408,287533,1
389,289513,0
408,291832,1
347,291845,0
690,291946,0
442,292347,0
345,292368,1
375,292397,0
363,294170,0
330,295270,1
389,295314,0
435,295320,0
389,296323,0
347,296327,0
397,298277,0
677,298897,0
321,299075,0
400,300990,0
427,301383,1
330,302198,1
321,302716,1
389,302996,0
350,305101,0
347,306781,1
414,307672,0
394,309639,0
353,310273,0
341,310566,0
690,310658,0
394,311900,0
400,311952,1
442,312163,1
353,312240,0
443,312357,0
350,312577,0
336,312871,0
363,314174,0
439,314293,0
325,315059,0
443,315676,1
393,315968,0
690,317034,0
690,317443,1
341,318180,0
439,318421,1
426,318912,0
445,319198,0
341,320382,1
397,320402,0
345,322442,0
400,323354,1
443,323607,1
414,324085,0
443,324506,1
400,325851,1
330,328669,0
397,329483,1
442,331492,1
353,331876,1
442,332146,0
389,332181,0
347,332348,0
363,332904,1
347,334269,0
443,334606,0
435,334619,1
362,334873,1
354,334967,0
414,335039,1
354,335138,0
354,335352,0
422,336086,1
422,336128,1
354,337265,1
442,339269,1
325,342199,1
414,346145,0
414,346596,0
345,347052,0
372,348054,1
400,348913,0
367,349450,0
426,349505,0
372,349812,0
307,350252,1
439,350357,1
443,350408,1
422,350946,0
399,352703,0
443,352981,0
419,353133,0
435,353510,0
690,354736,0
310,355867,1
399,356457,0
445,357038,0
321,357357,1
414,357559,0
375,357747,0
620,358161,0
347,358993,1
435,359488,0
336,359900,0
408,362124,1
690,362492,0
626,362838,0
389,364057,0
414,364356,0
347,364500,0
439,365312,0
363,365604,0
626,365604,1
344,365736,0
404,366153,0
350,367823,0
307,368058,0
356,368667,0
626,368880,1
363,369520,1
345,369613,0
372,370824,0
330,371483,0
445,371662,0
393,373185,1
626,374110,1
350,374459,1
330,374783,1
344,375610,0
426,375752,0
435,378668,0
354,379667,1
354,380567,0
379,380754,1
427,381983,0
330,382211,0
426,382634,0
355,382976,0
350,383188,0
423,383500,0
414,383606,0
341,383634,0
330,383851,1
330,383954,0
341,384513,0
345,384746,0
400,384925,0
389,385323,1
330,385419,0
330,386837,1
345,386916,0
439,387571,1
445,387999,0
442,388104,0
353,390508,1
427,390589,0
408,390748,0
408,391008,0
445,391463,1
445,391464,1
439,391673,0
439,391674,0
394,391930,0
394,391931,1
355,392356,0
356,393919,1
404,395001,0
442,395223,0
372,395626,0
439,395996,0
690,396898,1
393,397437,1
353,398329,0
442,398466,1
435,399083,0
353,400763,0
435,401561,0
330,401575,1
445,402999,0
399,403104,0
436,404451,0
614,404493,0
378,404736,0
445,405288,0
363,405330,1
397,405432,0
626,405438,0
307,406183,0
422,406603,0
393,406687,0
345,407664,0
363,408234,0
400,408248,1
436,408283,1
393,408505,1
310,408546,1
393,408853,0
400,409140,0
350,409342,1
435,409576,0
393,410440,1
350,410975,1
330,411065,0
426,411412,0
436,411679,1
363,411931,1
367,412179,0
353,412382,1
436,412452,1
363,413644,0
362,413957,0
330,414086,0
427,414640,0
442,414693,1
399,415420,1
350,415421,1
379,417020,0
341,417313,0
355,417590,0
341,418017,0
345,419133,1
345,419217,1
345,419218,0
330,419791,0
310,419885,0
310,421195,0
321,426084,0
330,427741,0
330,428303,0
310,428482,0
363,428823,0
330,429104,0
330,429519,0
423,429675,0
393,430718,1
310,431594,0
400,432815,0
423,432952,0
404,433039,0
347,434337,0
442,435262,1
427,436374,0
422,437529,0
345,438220,1
400,438433,0
341,438764,0
435,438781,0
372,439668,0
330,441057,0
330,441983,0
408,442386,1
408,442583,1
397,442590,1
408,443776,1
408,443944,1
378,445373,0
367,445714,1
321,446205,0
414,446627,0
321,447171,1
347,447757,0
372,447943,1
435,448621,0
372,449033,0
404,450456,0
443,451255,0
427,451445,0
426,451820,0
443,452421,0
321,453179,0
372,453286,1
422,455369,0
400,455470,1
423,456305,0
347,457729,0
389,457783,0
422,457816,1
443,458704,1
443,459034,0
443,459667,0
321,459909,0
399,460578,1
345,460952,1
310,462247,0
427,462302,0
443,462481,0
345,462775,0
345,463843,0
367,464818,0
614,464839,0
426,467040,0
307,467194,1
439,467287,0
419,467553,0
433,467565,0
404,467701,1
426,468148,0
330,469461,0
363,469735,0
436,469735,1
690,469817,0
307,470005,0
445,472563,0
355,472790,1
414,473116,1
356,473270,0
356,473431,0
445,473662,0
426,476895,0
307,477730,0
345,478303,0
353,478465,0
439,479938,0
345,480975,0
614,481377,0
427,482175,0
397,482640,0
353,482843,1
443,483147,1
419,484135,0
393,484165,0
690,484298,0
422,484486,1
400,484781,0
400,485304,1
439,485509,1
353,487209,0
404,487511,0
321,487736,1
677,488102,0
362,490397,0
393,490728,0
414,491566,0
399,492257,0
408,495853,0
439,496622,0
626,497152,0
626,497300,1
307,497476,1
372,498450,0
399,500145,0
626,500222,0
372,501008,0
379,501105,1
389,501189,0
345,504410,0
614,504747,0
427,505559,0
350,507489,0
408,507968,1
362,510341,1
435,512453,1
347,513027,0
389,513782,1
626,514167,0
307,514184,1
389,514535,0
307,514729,0
389,514959,0
389,515499,0
416,515612,0
439,515788,1
307,517089,1
626,518438,0
389,518800,0
367,518829,0
416,518909,1
439,518922,0
620,520073,0
442,520115,0
307,520656,0
363,521650,0
439,522258,0
389,522953,1
347,522995,0
419,523074,0
363,523233,0
626,524374,0
321,524465,0
435,524870,1
436,524891,0
356,524898,1
389,525442,1
379,527055,0
397,528554,0
399,529662,0
620,530120,0
439,530916,0
690,531755,0
435,531921,0
325,531947,1
439,532315,1
400,533308,0
344,534481,0
419,535064,0
378,535460,0
439,535672,0
435,536112,0
435,536113,1
614,536437,0
307,538183,1
439,538840,0
426,538882,0
336,541521,0
439,541826,1
414,542262,0
321,542634,1
439,543571,0
439,545146,0
439,545211,1
433,546614,0
646,546738,0
310,546921,1
426,549564,0
362,551292,1
427,552447,0
330,552520,0
408,552727,1
378,552910,0
439,553105,0
379,553424,0
389,553823,0
439,554464,0
439,554893,0
419,554893,0
439,554894,1
419,554894,0
393,555357,0
336,556098,0
397,556316,1
435,556808,0
389,556810,0
443,556861,0
321,557121,1
690,557804,0
347,558237,0
439,558904,0
433,560082,0
439,560285,1
330,560441,0
433,560453,0
363,562667,1
345,563269,0
439,565313,1
354,567210,1
389,567945,0
389,569509,0
372,570081,0
341,570601,0
389,570751,0
620,571787,0
379,572368,0
344,572459,0
399,572569,0
427,572831,0
321,573133,0
445,573305,0
321,573572,1
336,573942,0
355,574133,0
397,574510,0
408,575970,0
408,576529,0
353,577135,1
336,578783,0
363,579037,0
353,580328,0
353,580577,1
416,581036,0
614,581098,1
439,582167,0
614,582354,0
363,584756,0
433,586027,0
310,586708,0
408,587473,0
310,587719,0
353,590687,0
347,590888,0
442,591377,0
394,591747,0
646,592909,0
393,592995,1
325,593855,0
423,594011,0
325,595112,1
372,595306,0
325,596179,1
356,596242,1
325,596397,1
393,596673,0
325,597493,1
646,598802,1
400,599041,1
307,599193,0
435,599440,1
345,599664,0
394,600112,0
442,601749,1
389,602670,0
325,603804,0
345,603884,0
307,604216,0
325,604359,0
433,605451,0
325,606319,1
372,606494,0
389,606781,0
620,606991,0
397,608256,0
435,608380,0
353,609001,0
325,609387,0
325,609808,0
399,610309,0
379,610900,0
439,611055,0
379,611089,0
427,611220,0
443,611497,0
427,612096,0
347,613401,0
362,613752,1
350,613760,0
362,613876,0
399,614801,0
620,615701,0
439,615912,0
389,615912,0
362,616288,1
389,617157,0
363,617525,0
397,618042,0
443,618561,0
397,618850,0
389,618861,1
393,618917,0
307,619542,0
443,619819,0
353,619911,0
399,620002,1
426,620705,0
341,620705,1
379,621415,0
379,621416,0
389,622326,1
439,622877,0
400,623009,0
404,623114,1
427,623223,0
433,624806,0
399,625542,1
426,625971,0
435,626281,0
393,626451,0
614,626757,0
344,630705,1
389,630815,1
362,631808,1
399,632839,0
321,633339,0
443,633350,1
363,634197,0
399,634860,0
422,634919,1
389,635858,0
443,636543,0
620,637229,0
443,637425,0
321,637556,0
389,637991,1
404,638152,1
443,639383,1
436,639462,1
404,639501,0
372,641674,0
414,641864,0
353,642843,1
399,642965,1
330,643598,1
404,645298,0
677,645300,1
345,645568,0
423,647603,1
445,647771,1
325,647946,0
399,648006,0
423,649492,0
367,650219,0
325,650433,1
389,650969,0
404,651697,0
363,652353,1
363,652366,0
336,652450,0
404,653747,0
344,654262,0
435,654525,0
404,654617,0
321,655099,1
344,655137,0
341,655267,1
363,655587,1
620,655730,0
620,656424,0
423,657177,0
614,657346,0
362,657463,0
404,657828,0
394,657923,0
404,659236,1
443,659755,0
427,659983,0
344,660137,0
614,660542,0
399,660630,0
443,660988,0
321,661844,0
336,662082,0
345,662109,1
435,664010,1
404,664763,0
445,665546,0
445,665549,0
445,665554,1
399,667538,0
419,667570,0
362,667721,0
393,668245,1
389,668617,0
325,668635,0
325,669086,0
414,669359,0
325,669410,0
355,671873,0
399,671873,1
389,672105,0
307,672305,1
345,673400,0
404,673633,0
443,674403,1
404,675271,0
336,675357,0
399,675564,0
436,676504,0
419,677052,0
404,677649,1
330,677770,1
356,678470,0
378,678548,0
362,678914,1
347,678919,1
614,679243,0
614,679258,0
354,679801,0
347,679949,0
362,680315,0
345,680515,0
436,680721,0
419,680920,0
439,681486,0
426,681924,0
435,681983,0
393,683211,1
345,683434,0
345,683455,0
336,683755,0
350,686189,1
399,686332,0
614,688200,0
422,689544,0
353,689812,0
362,690444,0
355,691229,0
445,691410,0
404,693210,1
435,693784,1
445,694120,1
307,695183,1
362,696532,1
426,696779,0
443,697419,0
427,697663,0
435,697663,0
439,698929,0
345,699062,1
426,700218,0
393,701063,0
404,701826,0
345,702294,0
445,702789,0
443,703845,0
378,705240,0
435,706902,0
439,707808,1
445,708139,0
379,708266,0
416,709672,0
363,709847,1
344,710542,0
435,710623,0
399,710778,0
404,710782,0
350,710946,0
416,711107,0
353,711835,0
439,712336,1
419,714244,0
399,715273,0
443,715631,1
443,716174,0
443,716372,0
325,716520,0
325,716687,1
427,716696,0
353,716696,0
325,717250,1
404,718531,0
325,718532,0
397,718829,1
354,719544,0
355,720565,0
399,720565,1
345,720787,0
330,721031,0
336,723520,0
336,724199,0
443,725212,0
389,725602,0
408,725970,0
408,726322,0
325,726685,0
347,726695,0
408,726702,0
321,727251,0
354,728599,1
626,729106,0
347,730575,0
404,732231,0
404,732418,0
355,732462,0
442,732738,0
344,735050,0
394,735444,0
310,736417,0
408,736811,0
646,737465,0
389,737593,0
356,737599,0
445,738339,0
397,738641,0
345,739184,0
372,739226,0
445,739814,0
677,741571,0
442,742793,0
353,743726,0
442,744224,0
626,744315,0
321,744847,0
414,745032,0
646,745312,0
345,745666,0
677,746103,0
372,746115,0
372,746225,1
416,746919,1
416,747072,0
307,747072,0
646,747258,0
404,747386,0
646,747575,0
443,747753,0
307,747936,0
442,748087,0
646,748788,0
426,748899,0
423,749388,0
363,750041,0
325,750525,0
399,750838,0
372,751799,1
330,751800,0
353,752368,0
325,753514,0
321,753777,0
426,753801,1
439,754262,0
325,755275,0
690,756148,0
690,756182,0
325,756677,1
404,757849,0
345,758246,0
310,758743,0
325,758795,1
433,758961,0
443,759430,0
325,759939,0
310,762398,0
325,762885,0
362,763230,0
397,764242,0
325,764246,0
414,764420,0
404,764747,0
442,766361,0
690,766867,0
442,766970,0
362,767149,0
408,767234,0
436,767455,0
436,767684,0
344,768662,0
442,769565,1
620,769651,0
419,770224,1
442,770781,0
378,771405,0
325,771550,0
341,771888,0
614,771942,1
347,772137,0
341,772141,0
414,772249,0
336,772939,0
404,773403,1
414,773473,0
620,774212,0
379,774908,0
435,775507,0
345,776073,0
362,777151,0
414,777539,0
416,779006,0
620,779072,0
408,779297,0
325,779766,0
620,779769,0
620,780115,0
423,781497,0
620,781689,0
307,782737,0
372,783280,0
389,783342,0
414,783534,0
436,784019,0
436,784177,0
445,784794,0
372,784839,0
620,784970,0
321,785177,0
620,786426,0
620,786975,0
345,786984,0
404,786985,0
620,787159,0
325,787163,1
325,787203,0
321,787449,0
404,787911,0
404,788244,0
393,789093,0
614,789374,0
445,790279,0
400,790716,0
620,790730,0
646,792887,0
646,792974,0
325,793070,0
404,793076,0
325,793341,0
404,793348,0
620,793506,0
620,793665,0
620,793862,0
408,793977,0
408,794128,0
620,794967,0
310,795031,0
325,795040,0
626,795217,0
408,795247,0
620,795678,0
626,795705,0
408,795742,0
310,795756,0
436,796262,0
372,797333,0
372,797513,0
354,799037,0
378,799129,0
378,799458,0
389,800083,0
389,800241,0
389,802627,0
362,802637,0
389,802936,0
362,802946,0
362,803765,1
362,803953,1
690,804673,0
690,804954,0
404,805151,0
426,805880,0
404,806493,0
341,806683,0
443,808120,0
442,808159,0
445,808601,0
404,808748,0
433,808801,0
345,809735,0
307,810363,0
646,811803,0
404,812130,0
443,813383,0
345,814188,0
336,816465,0
372,817489,0
325,818244,0
325,818584,0
355,818832,0
372,819352,0
408,820169,0
404,821182,0
404,821316,1
389,822149,0
620,823503,0
345,823903,0
393,826448,0
620,826518,0
690,827558,0
378,828152,0
442,828223,0
404,829538,0
393,829605,0
436,829769,0
389,830395,0
436,830663,0
436,830667,0
436,831092,0
436,831760,0
354,832475,0
443,832480,0
393,832494,0
404,833242,0
614,834143,0
367,834536,0
436,834855,0
690,835331,0
400,835505,0
355,836018,0
443,836107,0
362,836415,1
362,836418,1
435,836505,0
356,837869,0
355,838654,0
433,838960,0
626,842326,0
356,842870,0
310,842870,0
443,843729,0
344,845507,0
325,846218,0
397,846376,0
344,846919,0
321,846942,1
433,847343,0
356,847447,0
344,849557,0
372,850333,0
325,850912,0
353,852118,1
389,852352,1
416,854307,0
321,854326,0
307,854857,0
389,855885,0
626,856210,0
404,856922,0
404,858531,0
379,858752,0
325,858947,1
325,859551,0
445,859812,0
445,859813,0
445,859883,0
379,859968,0
620,860358,1
345,861526,0
394,862266,0
400,862914,0
400,862915,0
400,862916,0
372,863565,1
426,864015,0
345,865233,0
341,865757,0
341,866275,0
341,866479,0
355,866933,0
341,867328,0
341,867365,1
341,867368,0
419,868264,0
356,868595,1
626,868795,0
626,868825,1
445,868905,0
341,869042,0
336,869631,1
367,870317,1
356,871680,0
341,871951,1
321,873286,1
646,873515,0
330,874221,0
399,874402,0
427,874753,0
436,875344,0
341,875525,1
433,875956,0
310,876299,0
408,876521,1
341,876741,0
400,876768,0
423,877674,0
426,879100,1
404,879334,0
399,879533,0
325,880619,0
356,880697,0
419,881584,1
347,881973,0
404,882161,0
626,882319,0
362,882352,0
341,882452,0
404,882470,1
614,882581,1
362,882642,1
422,883384,0
341,884635,0
336,884924,0
345,884948,1
345,885120,0
626,886387,0
626,886619,0
367,886685,0
620,886713,0
356,888096,1
379,888452,0
350,888758,0
350,889175,0
404,889213,1
379,889225,0
646,889500,0
439,890615,0
372,891010,0
362,891018,0
414,891140,0
404,892027,0
379,892030,0
379,892090,0
378,892113,0
427,892217,0
423,892313,0
356,893402,1
445,893778,0
442,894582,0
350,894718,0
393,894831,1
321,895036,0
347,897537,0
646,897663,0
355,897759,0
354,897794,0
363,898055,0
393,898525,0
393,899929,1
344,900017,0
347,900034,0
354,900321,0
620,900478,0
362,900658,0
423,901523,0
379,901545,1
442,901755,1
363,902017,0
423,902211,0
347,902569,0
325,904084,0
363,904165,1
620,904166,0
347,904995,0
690,905182,0
372,905381,0
347,905958,0
433,906106,0
646,906962,0
362,907251,0
423,907974,0
435,908445,0
354,908801,0
394,909203,0
433,909288,0
443,909406,0
350,910842,0
344,911105,0
690,911354,0
375,912116,0
626,912214,0
310,912616,1
435,913387,0
626,913995,0
443,915168,0
325,917723,1
325,918590,0
325,919344,1
336,920115,0
325,920340,0
375,920349,0
325,923384,0
367,923393,0
345,923403,0
404,924354,0
367,924383,0
626,924596,0
375,924641,0
345,924865,0
389,925040,0
325,925234,0
345,925900,0
404,926671,0
404,928008,0
426,928826,0
389,929046,0
404,930416,0
414,930810,1
378,930818,0
404,931604,0
321,931833,0
310,932166,1
620,932977,0
394,933609,1
404,934638,0
690,935021,0
433,935206,0
443,936421,0
372,936512,0
372,937328,0
435,937666,0
404,937737,0
443,937917,1
379,938061,0
389,941594,0
690,943855,0
436,943931,0
310,944650,0
445,944693,0
400,945272,0
404,945319,0
345,945618,0
345,945668,0
423,945810,0
404,946047,0
422,946596,0
389,948236,0
404,948244,1
354,948407,1
367,950104,0
336,952801,0
646,953342,0
345,953368,0
436,954307,0
362,954659,0
404,955039,0
372,955215,0
344,955775,0
330,956261,0
404,956500,0
345,956512,0
389,956894,1
426,956896,0
404,957575,0
404,957604,1
404,958281,0
626,958331,0
436,958897,0
354,959455,0
344,959664,1
422,959789,0
404,959816,1
404,960054,1
404,960265,0
307,960482,0
363,962180,1
378,963938,0
393,964244,0
310,964616,0
690,964819,0
404,965049,0
400,965231,0
442,966256,0
404,966447,0
378,966821,0
345,967020,0
372,968218,0
389,968610,0
378,968648,0
436,969493,1
443,970685,0
423,971631,1
372,973234,0
307,973610,0
389,973966,0
433,975339,0
347,976278,0
336,976920,0
393,977063,0
422,978186,0
423,978859,0
372,979443,1
347,980514,0
435,984223,0
363,984440,0
354,985499,0
677,985739,1
307,985855,0
404,987307,0
307,987788,0
422,988244,1
408,988545,0
408,988547,0
310,988850,0
404,989497,1
422,990343,1
400,990884,0
404,990896,0
404,991082,0
345,991311,0
646,991730,0
378,994363,0
404,995206,1
347,995675,0
321,996072,0
404,996217,0
404,996662,0
404,997328,1
404,997539,0
345,998146,0
362,998374,0
310,999271,0
408,1000684,1
423,1001518,0
416,1001536,1
379,1002493,0
443,1002634,1
404,1003028,0
443,1004134,1
626,1004585,0
389,1004820,0
443,1004974,0
378,1005412,0
393,1005480,0
341,1005585,0
321,1005909,0
393,1005917,1
408,1006102,1
404,1006296,1
330,1008015,0
626,1008443,0
347,1008453,0
347,1008555,0
408,1008673,0
404,1008862,1
375,1009308,1
356,1009594,0
330,1010077,0
389,1010078,1
389,1011568,0
347,1012876,0
341,1015035,0
427,1016103,0
355,1016114,0
397,1016445,0
353,1016510,0
620,1016527,0
646,1016680,0
416,1017282,0
341,1017324,0
389,1018050,0
646,1019090,0
646,1019517,0
404,1019519,1
690,1019944,0
362,1021428,1
362,1021621,0
614,1021708,0
389,1022183,0
620,1022206,0
389,1022391,0
443,1022874,1
389,1023111,0
310,1023306,1
372,1023565,0
389,1023739,0
389,1025676,0
436,1025697,0
321,1025826,1
443,1026133,0
389,1026538,0
620,1026790,0
354,1027417,0
344,1027440,0
372,1027516,0
389,1027647,0
372,1027895,0
347,1028317,0
443,1029165,0
422,1030090,0
442,1030517,0
614,1031898,0
389,1031947,0
393,1033784,0
345,1033974,1
426,1034178,0
439,1034817,0
399,1034912,1
690,1036206,1
423,1037099,0
404,1039638,0
404,1039773,0
344,1040725,0
408,1042392,0
363,1042829,0
356,1043357,0
408,1043867,1
690,1043961,0
344,1044614,0
330,1045216,0
408,1045650,1
400,1046256,0
408,1049342,0
408,1050262,0
345,1050382,0
614,1051177,0
419,1053093,0
379,1056769,0
626,1057296,0
439,1058585,0
330,1058942,0
353,1059313,1
378,1059353,0
408,1059492,0
321,1060851,0
354,1061761,0
389,1061767,0
626,1061863,0
404,1062883,0
353,1063986,0
393,1064539,1
378,1064692,0
393,1064727,0
393,1065150,0
393,1065515,0
307,1065776,0
379,1066582,1
362,1066583,0
416,1068306,0
307,1068306,0
389,1068370,0
345,1068731,1
362,1068812,0
677,1068949,0
345,1069863,0
393,1070328,0
362,1071540,0
400,1072478,1
378,1073208,0
362,1073229,1
354,1073766,0
400,1073784,0
389,1073803,1
325,1074590,1
378,1075464,1
626,1076546,0
690,1076755,0
353,1078083,0
422,1078261,0
336,1078863,0
321,1079114,0
400,1079796,0
408,1080527,0
345,1080807,1
426,1080873,0
345,1081033,0
354,1081357,1
399,1081584,1
422,1082492,0
354,1083267,0
379,1084349,0
325,1084732,0
399,1084875,0
353,1084875,0
354,1085578,0
363,1086927,0
378,1087520,0
426,1088017,0
372,1088208,0
350,1088524,0
426,1089743,0
404,1089789,0
353,1090609,0
393,1091079,0
345,1091273,0
393,1091298,0
345,1091321,0
400,1091514,0
345,1091527,0
345,1091758,0
442,1091796,0
435,1091800,0
341,1092460,1
439,1092629,0
389,1092691,0
330,1092827,0
367,1093262,0
347,1094148,0
354,1094577,0
393,1094624,0
399,1094799,0
393,1094822,0
393,1095250,0
363,1095422,0
416,1096171,0
307,1096171,0
404,1096978,0
408,1097215,0
354,1098935,0
435,1099414,0
363,1100166,0
404,1100374,0
426,1100413,0
399,1100593,0
423,1101865,0
353,1102387,1
419,1103261,0
325,1103308,1
423,1103517,0
423,1103708,0
435,1103761,1
433,1104236,0
443,1105694,0
439,1108254,0
389,1108449,0
347,1108672,0
344,1108721,0
344,1109142,0
416,1110169,0
378,1110579,0
442,1113555,0
389,1114100,1
345,1114343,0
341,1114676,0
372,1115556,1
399,1115626,0
356,1115750,1
404,1118529,0
426,1119137,0
321,1119487,0
435,1119828,0
363,1120327,1
445,1120477,0
435,1120501,1
321,1120966,1
423,1121394,1
423,1122079,0
646,1123307,0
344,1123523,0
443,1123947,0
344,1124291,1
350,1124688,0
347,1124706,1
404,1124956,0
362,1125187,0
397,1125198,1
426,1126803,0
690,1127619,0
436,1127996,0
356,1128011,0
443,1128638,0
310,1128654,0
336,1129503,1
426,1130414,0
404,1131249,0
379,1131856,0
404,1132006,0
422,1132008,0
423,1132445,0
399,1133485,1
372,1133684,1
408,1134197,0
404,1134335,0
353,1134422,0
330,1135063,0
378,1136043,0
310,1136199,0
367,1136383,1
408,1136977,0
435,1137287,0
325,1137389,1
408,1137980,0
355,1138410,0
372,1138750,0
443,1139247,0
404,1139389,0
408,1139645,0
439,1140967,0
690,1141427,0
443,1141664,0
404,1141987,1
310,1142955,0
436,1143211,0
436,1143386,1
378,1145441,0
378,1145586,0
408,1145678,0
435,1146690,0
626,1148102,0
325,1148308,0
443,1149083,0
325,1149742,0
408,1149921,0
378,1150133,0
393,1150868,0
355,1152213,0
353,1153350,0
404,1154296,0
442,1154470,0
325,1154506,0
325,1155534,0
363,1156599,1
372,1156610,0
646,1157103,0
321,1157796,0
378,1157968,0
433,1159308,0
321,1159502,0
439,1160483,0
355,1160546,0
379,1160902,0
350,1161254,1
344,1163086,0
435,1163355,0
353,1164022,0
408,1164497,0
614,1165217,0
362,1165970,1
354,1167793,0
362,1168056,0
423,1169196,1
325,1169712,0
423,1169754,0
690,1170209,0
356,1171746,1
321,1174842,0
443,1175050,0
394,1176201,0
325,1176601,0
372,1176953,0
397,1177958,1
321,1179557,0
445,1181195,0
443,1182063,0
397,1183303,1
347,1183757,0
344,1183856,0
416,1184932,0
408,1184995,0
325,1185625,0
325,1185806,1
354,1186050,0
397,1186254,0
344,1186496,0
325,1186564,0
426,1186759,1
344,1186958,0
325,1187009,1
353,1187330,0
443,1187366,0
325,1187383,1
355,1189158,0
330,1189657,0
443,1189669,0
423,1191497,0
372,1191617,0
363,1191619,0
325,1192449,0
341,1192823,0
399,1193304,0
325,1193334,0
362,1194480,0
443,1198798,0
310,1199000,0
378,1199481,0
439,1199491,1
336,1199845,0
445,1200620,0
367,1201305,0
690,1204348,0
436,1205167,0
336,1205497,0
422,1205764,0
677,1206098,0
321,1206584,1
372,1207069,0
344,1208394,0
379,1209134,1
422,1209272,0
442,1209322,0
336,1209591,1
436,1209786,0
433,1210727,0
442,1211521,0
362,1212296,0
325,1212781,0
336,1214355,0
389,1214528,0
307,1214722,0
443,1214727,0
345,1216023,0
325,1216045,0
379,1216053,0
389,1216310,0
389,1217389,0
310,1217960,0
344,1217990,0
307,1219469,1
344,1219691,0
321,1221651,0
419,1221663,0
397,1221668,0
336,1222011,0
378,1222299,0
397,1222535,0
362,1223559,0
355,1223602,0
419,1224071,0
400,1224353,1
344,1224459,0
408,1224909,0
356,1224995,0
397,1225109,0
397,1225125,0
423,1225375,0
397,1225666,0
419,1225746,0
336,1226176,0
397,1226853,0
436,1226900,0
690,1227749,0
419,1228156,0
378,1228392,0
336,1228536,0
397,1228585,0
336,1229011,1
372,1229201,0
399,1229720,0
336,1230221,0
378,1230643,0
423,1232640,0
362,1232921,0
372,1234188,0
378,1234338,0
378,1234625,1
378,1234794,0
422,1234832,0
372,1235016,0
423,1236723,1
439,1236888,0
423,1237266,0
347,1237486,0
422,1237592,0
353,1237598,0
419,1237685,0
354,1237889,0
439,1237914,0
397,1238151,0
422,1238584,0
330,1238608,0
416,1239484,0
375,1240966,0
336,1242832,0
414,1243397,0
690,1243679,0
350,1245753,0
690,1247189,0
372,1247222,0
443,1250042,0
393,1251161,0
426,1252020,0
414,1252673,0
422,1253439,0
375,1253855,0
433,1254450,0
367,1254617,0
422,1254617,0
414,1256352,0
423,1258072,1
397,1258760,0
443,1261445,0
354,1263127,0
614,1263687,0
375,1264672,1
442,1265424,0
423,1265853,0
393,1266541,0
321,1268350,0
378,1269190,0
378,1269417,0
442,1269954,0
399,1270351,0
442,1271483,0
690,1272644,0
423,1273834,0
330,1273986,0
397,1274019,1
436,1274502,0
433,1274796,0
423,1276013,0
677,1277128,0
690,1278221,0
344,1278758,0
321,1278902,0
356,1279514,1
436,1279709,0
435,1280063,0
363,1280188,0
620,1280224,1
439,1281458,0
423,1282479,0
620,1283059,0
310,1285003,0
372,1285005,0
355,1285216,0
347,1285831,0
379,1288011,0
310,1288466,0
439,1289620,0
378,1291809,0
626,1292328,0
363,1292722,0
397,1294296,0
397,1294516,1
378,1296364,1
345,1298677,0
378,1298730,0
626,1299958,0
378,1300092,0
379,1300320,0
442,1300733,1
375,1301511,1
397,1302280,1
347,1304314,0
372,1304528,0
423,1305509,0
423,1305717,0
325,1308181,0
404,1309646,0
397,1310797,0
677,1310983,0
345,1311590,0
353,1312867,0
408,1315233,0
375,1315589,1
626,1315825,0
690,1317382,0
439,1319590,0
389,1319855,0
389,1322042,0
367,1322756,0
367,1324421,0
399,1324421,0
341,1324685,0
363,1324718,0
378,1324855,0
341,1324916,0
394,1325105,0
341,1325106,1
404,1325939,0
379,1326215,0
363,1326510,0
341,1326533,1
393,1326768,0
677,1327092,0
400,1327569,0
363,1328380,0
426,1328644,0
341,1328898,0
341,1329682,0
341,1330367,0
397,1330932,0
419,1330932,0
442,1331149,0
336,1331254,0
341,1332459,0
341,1333155,0
341,1334293,0
321,1335080,0
341,1335312,1
389,1335815,0
372,1336620,0
363,1336824,0
363,1336901,0
363,1337126,0
363,1337370,0
363,1339235,0
363,1339946,1
426,1342353,0
330,1342383,0
646,1342829,0
341,1342849,0
341,1343173,0
372,1343410,0
399,1344816,0
354,1344903,1
378,1345311,0
321,1345499,0
378,1345501,0
378,1345517,0
345,1345952,0
626,1346364,0
345,1346396,0
321,1346583,0
445,1346600,0
354,1346643,0
354,1346684,0
393,1348111,0
399,1349153,0
341,1349453,1
433,1349947,0
367,1350717,0
433,1351409,0
433,1351587,0
367,1352674,0
375,1353760,0
341,1354128,0
426,1354247,0
341,1354247,0
367,1354591,0
378,1355844,0
394,1356039,0
378,1356046,0
439,1356211,0
443,1356265,0
445,1357795,0
423,1357858,0
375,1357862,0
350,1357871,0
426,1357871,0
646,1358122,0
442,1359128,0
375,1359324,0
375,1359484,1
341,1359516,0
355,1360277,0
353,1360277,0
426,1360321,0
341,1360321,1
341,1360329,1
426,1360540,0
344,1360773,1
690,1361566,0
422,1361635,0
363,1361851,0
330,1363606,0
341,1363815,0
330,1363863,0
354,1364005,1
341,1364041,0
427,1365948,0
442,1366930,0
442,1366953,1
354,1367368,0
426,1367382,0
354,1367393,0
354,1367631,0
354,1367694,0
419,1367703,0
433,1368108,0
336,1368283,0
436,1368631,0
354,1369835,1
354,1369972,0
325,1371088,0
389,1371107,0
307,1371109,0
426,1372273,0
690,1375375,0
393,1375481,0
354,1375686,0
378,1375882,0
416,1375923,0
626,1375933,0
354,1375949,0
614,1376810,0
354,1378405,0
445,1378664,0
394,1379598,0
367,1380288,0
347,1381031,0
435,1382148,0
347,1383071,0
626,1383087,0
325,1383570,0
341,1383580,0
690,1383885,0
375,1385043,0
436,1385433,0
436,1386795,0
422,1387465,0
353,1389123,0
372,1389157,0
690,1389336,0
646,1392127,0
354,1392449,0
344,1392587,0
378,1392650,0
354,1392654,0
626,1392685,0
414,1395527,0
363,1395829,0
341,1396409,0
354,1396626,0
419,1397341,0
404,1397349,0
336,1397353,0
321,1398512,0
345,1398709,0
393,1399268,0
341,1399640,0
354,1401994,0
344,1402840,0
690,1402907,0
372,1403451,0
436,1403609,1
344,1403816,0
354,1403875,0
356,1404118,0
372,1404518,1
414,1404734,0
341,1406057,1
344,1407267,0
356,1407355,0
353,1408840,0
325,1408897,0
345,1409325,0
419,1410255,1
404,1410396,0
423,1410600,0
426,1411161,0
330,1411330,0
435,1412433,0
347,1412587,0
344,1413232,0
356,1413809,1
397,1414720,0
362,1415631,0
336,1417346,1
397,1420274,0
445,1420894,0
439,1422481,0
344,1423347,1
344,1423502,0
354,1424180,1
354,1424321,0
375,1424564,0
439,1424629,0
414,1430341,0
310,1430688,0
363,1430724,0
375,1432263,0
356,1432606,1
345,1432803,0
347,1433821,0
356,1434241,1
321,1434773,0
330,1434778,0
356,1434795,1
690,1435907,0
354,1436714,0
336,1436745,0
330,1437418,0
442,1437718,0
356,1438176,0
330,1438219,0
397,1438222,0
341,1440233,0
321,1440784,0
646,1441716,0
341,1441954,0
442,1442309,0
362,1443307,0
310,1443772,0
436,1443840,0
646,1444144,0
419,1444586,0
378,1444668,0
367,1445315,0
347,1445436,0
378,1445748,0
347,1445752,0
439,1446004,0
330,1448266,0
341,1448892,0
439,1449177,0
389,1449670,0
336,1450849,0
375,1450861,0
353,1451200,1
626,1451428,0
646,1451428,0
626,1452777,0
646,1452777,1
341,1452973,0
389,1453199,0
353,1454128,0
330,1455063,1
344,1455988,0
367,1456641,0
389,1456695,0
389,1456892,0
378,1457161,0
363,1457867,0
321,1458465,0
372,1459810,0
626,1459962,0
372,1460588,0
375,1460609,0
378,1460992,0
375,1461542,0
330,1461568,0
353,1462380,0
330,1463203,0
442,1464889,0
378,1466058,0
375,1466613,0
325,1466915,0
433,1467002,0
690,1467081,0
626,1467232,0
445,1468434,0
439,1469531,0
375,1469877,0
389,1470104,0
375,1470357,0
325,1470547,0
336,1470554,0
422,1470574,0
330,1471913,0
690,1472202,0
435,1473137,0
354,1473646,1
435,1474096,0
341,1474304,0
325,1474478,0
344,1474942,0
354,1475135,0
378,1476053,0
389,1477246,0
379,1477974,0
423,1478169,1
372,1478609,0
422,1478878,0
375,1479059,1
423,1479325,0
354,1479423,0
367,1481077,0
422,1481077,0
330,1483688,0
347,1483856,0
341,1484199,0
310,1484257,0
443,1484317,0
378,1486454,0
422,1486881,0
422,1487455,0
442,1487811,0
378,1488520,0
426,1488583,0
378,1489036,0
378,1489276,0
344,1489759,0
614,1489883,0
355,1492130,0
443,1492203,0
330,1493092,0
378,1494879,0
375,1497518,1
375,1497519,0
341,1497609,0
330,1497836,0
344,1497837,0
325,1499193,0
399,1501222,0
362,1501576,0
378,1502411,0
372,1502607,1
321,1502773,0
443,1503599,0
344,1504068,0
363,1504269,0
350,1505127,0
433,1505484,0
399,1506826,0
375,1507525,0
355,1507974,0
393,1510122,0
356,1510420,0
445,1510928,0
626,1511264,0
355,1513114,0
354,1513183,1
367,1513408,0
677,1514765,0
423,1514770,0
378,1515073,0
626,1515250,0
362,1515694,0
416,1515831,0
690,1519827,0
378,1519966,0
408,1520497,0
336,1520752,0
378,1521291,1
321,1523103,0
341,1523134,0
443,1524372,0
375,1524982,0
399,1525855,0
439,1526305,0
355,1527120,0
372,1528087,0
372,1528507,1
379,1528541,0
354,1528780,0
354,1529180,0
336,1529283,0
379,1530863,0
394,1531290,0
367,1532413,0
375,1533184,0
344,1534533,0
355,1536245,0
363,1536931,0
442,1537035,0
439,1537103,0
347,1537772,0
336,1538108,0
353,1538115,0
423,1538136,0
414,1538997,0
321,1540084,0
356,1540276,0
336,1540831,0
379,1541092,0
325,1542188,0
330,1545415,0
321,1546517,0
416,1546551,0
321,1546794,0
423,1546794,0
626,1546904,0
442,1547821,0
389,1551434,0
389,1552060,0
394,1553583,0
389,1553712,0
443,1554831,0
372,1554884,0
375,1556630,0
626,1558523,0
419,1559038,0
375,1559535,0
442,1560037,0
389,1560303,0
345,1560513,0
423,1561840,0
404,1562956,0
356,1563355,0
399,1564015,0
433,1564125,0
330,1565203,0
367,1565245,0
397,1565477,0
436,1565750,0
389,1566349,0
443,1567506,0
443,1567554,1
419,1567984,0
439,1568501,0
363,1569520,0
356,1570380,0
394,1570672,0
325,1571270,0
426,1572140,0
336,1572517,0
433,1573738,0
362,1574025,1
426,1575183,0
400,1575974,0
378,1576207,0
419,1576735,0
344,1577247,0
690,1577987,1
363,1578229,1
442,1578559,0
614,1580866,0
427,1581549,0
344,1582192,0
347,1584094,0
442,1584579,0
356,1587072,0
325,1588340,0
372,1588604,0
646,1589213,0
362,1589583,0
344,1589646,0
344,1589857,1
367,1590126,0
372,1590266,0
330,1590331,0
423,1590466,0
375,1591157,0
344,1591619,0
646,1592231,0
422,1592402,0
353,1594661,0
375,1595797,0
439,1596821,0
341,1597097,0
435,1597216,0
690,1597483,0
330,1597705,0
367,1597860,1
393,1598002,0
350,1598313,0
436,1598678,0
397,1599730,0
362,1600339,0
414,1601761,0
397,1602107,0
399,1602180,0
310,1603235,0
442,1603356,0
341,1603411,0
408,1603591,0
408,1604285,1
426,1604419,0
356,1604506,0
341,1604542,0
419,1604621,0
399,1605033,0
422,1606188,0
422,1606210,1
442,1606211,0
344,1606266,0
375,1606600,0
443,1606958,0
626,1608001,0
354,1608026,0
321,1608211,0
408,1609347,0
325,1609662,0
321,1612526,1
375,1613498,0
355,1613782,0
646,1614631,0
690,1615061,0
363,1617872,0
442,1618807,0
439,1621766,0
347,1621767,0
626,1621792,0
394,1622940,0
375,1626471,0
375,1626472,0
367,1626953,0
356,1627627,1
394,1627679,0
436,1627965,0
375,1629209,0
336,1629286,1
614,1629592,1
375,1630634,1
354,1631045,0
363,1631515,0
354,1631550,1
347,1631742,0
321,1632266,1
367,1632625,0
372,1633144,1
325,1634148,0
378,1634303,0
336,1634614,0
347,1635959,0
354,1636574,0
419,1639254,0
646,1639436,0
427,1640699,0
439,1641371,0
344,1641883,0
344,1641915,0
626,1642125,0
690,1642208,0
307,1642355,0
379,1642774,0
375,1642926,0
426,1644743,1
614,1644796,0
389,1647698,0
443,1647896,0
442,1648806,0
367,1651936,0
442,1653465,0
350,1653938,0
419,1655322,0
443,1656244,0
362,1657134,0
336,1657771,0
362,1658184,0
439,1658762,0
362,1659485,0
442,1660932,0
426,1662517,0
439,1662767,0
363,1663289,0
389,1663483,0
445,1663842,0
354,1664330,0
393,1664749,0
363,1664773,0
362,1664799,0
439,1666980,0
341,1667789,0
375,1668320,1
321,1669821,0
355,1670313,0
426,1670836,0
344,1671774,0
344,1671819,0
356,1672020,0
362,1673227,1
336,1673457,0
414,1674473,0
341,1674916,0
347,1674928,0
307,1674939,0
354,1677293,0
375,1677826,0
443,1677955,0
426,1679733,0
362,1680238,0
443,1683888,1
362,1684351,0
433,1685360,0
408,1685551,1
354,1685739,0
620,1686139,0
445,1686653,0
397,1687683,0
423,1688379,0
363,1690143,0
427,1690397,0
426,1690408,0
439,1690620,0
347,1691820,0
439,1693498,0
336,1693772,0
677,1693880,0
341,1694581,0
646,1697024,0
442,1697655,0
626,1698234,0
372,1698765,0
626,1698784,0
626,1698852,0
397,1700352,0
620,1702048,0
353,1702997,0
389,1703396,0
341,1705004,0
426,1705867,0
363,1706081,0
347,1706096,0
690,1707549,0
321,1708799,0
690,1710084,0
353,1710755,0
442,1711472,0
439,1712779,0
394,1714009,0
690,1714546,1
626,1716987,0
354,1717569,0
445,1717961,0
408,1718680,0
439,1719745,0
439,1719761,0
378,1720109,0
436,1720521,0
350,1721066,0
426,1721877,0
321,1722375,0
408,1724162,0
344,1724164,0
443,1724587,0
399,1725332,0
321,1726138,0
426,1727816,0
408,1728804,0
345,1729647,0
646,1730121,0
690,1730193,1
345,1730421,0
677,1730571,0
355,1730739,0
433,1731572,0
344,1731584,0
626,1731589,0
372,1732526,0
354,1734205,0
330,1735651,0
433,1736264,0
426,1736507,0
389,1736995,0
435,1737057,0
375,1737245,0
362,1738298,0
356,1739567,0
354,1739588,0
379,1740481,0
363,1740861,0
372,1742492,0
690,1742599,0
690,1742955,0
690,1744049,0
646,1745128,0
345,1745571,0
423,1747176,0
344,1747359,0
330,1747360,0
363,1747382,0
423,1747390,0
325,1747895,0
353,1749135,0
330,1749877,0
433,1751457,0
445,1751819,0
626,1753908,0
336,1754536,0
353,1754808,0
356,1755328,0
321,1755721,0
341,1756946,0
690,1758237,0
354,1758534,0
362,1758704,0
426,1759960,0
433,1762047,0
408,1763799,0
330,1765068,0
330,1765102,0
419,1766602,0
347,1767718,0
325,1768375,0
408,1768766,0
439,1770123,0
408,1770123,0
400,1772332,0
321,1772765,0
436,1773695,0
393,1774323,0
436,1776019,0
620,1776802,0
426,1776821,0
690,1776991,0
353,1778799,0
426,1780031,0
397,1780591,0
330,1780717,0
367,1780728,0
347,1780734,0
345,1781717,0
362,1781734,0
354,1781943,0
341,1782160,0
419,1782572,0
347,1783097,0
341,1783217,0
439,1783249,0
433,1783250,0
626,1783796,0
341,1784239,0
399,1785304,0
445,1785320,0
426,1785804,0
626,1786195,0
646,1786195,0
408,1786480,0
422,1786734,1
393,1786770,0
422,1787384,0
435,1787862,0
690,1788315,0
354,1788545,0
341,1789047,0
330,1789075,0
330,1789632,0
330,1789641,0
330,1789678,0
408,1790620,0
690,1790828,0
344,1790987,0
399,1792658,0
389,1793237,0
344,1794910,0
344,1794957,0
690,1796395,0
354,1796821,0
307,1796991,0
389,1797784,0
408,1798209,0
426,1798342,0
344,1798595,0
422,1799658,0
422,1799683,0
325,1801782,0
389,1802700,0
356,1804977,0
427,1805063,0
336,1805778,0
646,1806809,0
307,1807735,0
330,1807906,0
341,1807943,1
362,1809654,0
330,1811195,0
321,1811359,0
345,1812174,0
422,1813552,0
330,1814875,0
442,1816140,0
355,1816269,1
393,1816286,0
442,1816368,0
442,1817192,1
442,1817546,0
330,1818038,0
422,1818259,0
690,1818883,0
307,1819177,0
355,1819186,0
341,1819286,0
436,1819442,0
330,1819447,0
362,1819859,1
442,1821317,1
367,1824426,0
435,1825550,0
330,1825952,0
341,1828416,1
690,1828580,0
433,1828645,0
344,1829263,0
414,1829275,0
344,1830507,0
426,1831222,0
330,1833522,0
330,1835814,0
389,1836209,0
399,1836865,0
362,1836875,0
310,1837662,0
439,1837744,0
356,1838019,0
443,1838175,0
367,1838508,0
355,1839010,0
439,1839010,0
433,1839942,0
307,1840784,0
362,1840937,0
375,1843730,0
330,1844102,1
375,1845555,0
646,1846336,0
436,1846337,0
363,1846604,0
646,1847164,0
330,1847394,0
414,1848299,0
399,1849886,0
422,1850170,0
336,1850183,0
422,1850190,0
433,1850912,0
375,1851681,0
419,1851806,0
354,1852701,0
362,1853992,0
362,1854171,0
